日付,雇用者キー,所属コード,所属名,残業時間,合計勤務時間
2023-12-21,472dde28a113fe1b746cc744bef4ea20588d9ad183859c001f73dcb36a0376fa,0001,大丸開発　東京,60,540
2023-12-22,472dde28a113fe1b746cc744bef4ea20588d9ad183859c001f73dcb36a0376fa,0001,大丸開発　東京,60,540
2023-12-25,472dde28a113fe1b746cc744bef4ea20588d9ad183859c001f73dcb36a0376fa,0001,大丸開発　東京,60,540
2023-12-01,febc2fab1ddef18060036a9ab8076e694c735bed89348557148726c0de90c979,1000,×使用不可×　本社　,0,480
2023-12-01,94cdf766eb5085ce1651af9b05d6414ad2df37387e2b2c34ef5a77b53c9af88d,1000,×使用不可×　本社　,0,480
2023-12-01,90e9ae03d5d043f97116e63f1a54dd1c96c76b0d9c35def1b7e63c1301ecf134,1000,×使用不可×　本社　,0,0
2023-12-04,febc2fab1ddef18060036a9ab8076e694c735bed89348557148726c0de90c979,1000,×使用不可×　本社　,0,480
2023-12-04,94cdf766eb5085ce1651af9b05d6414ad2df37387e2b2c34ef5a77b53c9af88d,1000,×使用不可×　本社　,0,480
2023-12-04,90e9ae03d5d043f97116e63f1a54dd1c96c76b0d9c35def1b7e63c1301ecf134,1000,×使用不可×　本社　,0,0
2023-12-05,febc2fab1ddef18060036a9ab8076e694c735bed89348557148726c0de90c979,1000,×使用不可×　本社　,0,480
2023-12-05,94cdf766eb5085ce1651af9b05d6414ad2df37387e2b2c34ef5a77b53c9af88d,1000,×使用不可×　本社　,0,480
2023-12-05,90e9ae03d5d043f97116e63f1a54dd1c96c76b0d9c35def1b7e63c1301ecf134,1000,×使用不可×　本社　,0,0
2023-12-06,febc2fab1ddef18060036a9ab8076e694c735bed89348557148726c0de90c979,1000,×使用不可×　本社　,0,480
2023-12-06,94cdf766eb5085ce1651af9b05d6414ad2df37387e2b2c34ef5a77b53c9af88d,1000,×使用不可×　本社　,0,480
2023-12-06,90e9ae03d5d043f97116e63f1a54dd1c96c76b0d9c35def1b7e63c1301ecf134,1000,×使用不可×　本社　,0,0
2023-12-07,febc2fab1ddef18060036a9ab8076e694c735bed89348557148726c0de90c979,1000,×使用不可×　本社　,0,480
2023-12-07,94cdf766eb5085ce1651af9b05d6414ad2df37387e2b2c34ef5a77b53c9af88d,1000,×使用不可×　本社　,0,480
2023-12-07,90e9ae03d5d043f97116e63f1a54dd1c96c76b0d9c35def1b7e63c1301ecf134,1000,×使用不可×　本社　,0,0
2023-12-08,febc2fab1ddef18060036a9ab8076e694c735bed89348557148726c0de90c979,1000,×使用不可×　本社　,0,480
2023-12-08,94cdf766eb5085ce1651af9b05d6414ad2df37387e2b2c34ef5a77b53c9af88d,1000,×使用不可×　本社　,0,480
2023-12-08,90e9ae03d5d043f97116e63f1a54dd1c96c76b0d9c35def1b7e63c1301ecf134,1000,×使用不可×　本社　,0,0
2023-12-11,febc2fab1ddef18060036a9ab8076e694c735bed89348557148726c0de90c979,1000,×使用不可×　本社　,0,480
2023-12-11,94cdf766eb5085ce1651af9b05d6414ad2df37387e2b2c34ef5a77b53c9af88d,1000,×使用不可×　本社　,0,480
2023-12-11,90e9ae03d5d043f97116e63f1a54dd1c96c76b0d9c35def1b7e63c1301ecf134,1000,×使用不可×　本社　,0,0
2023-12-12,94cdf766eb5085ce1651af9b05d6414ad2df37387e2b2c34ef5a77b53c9af88d,1000,×使用不可×　本社　,0,480
2023-12-12,90e9ae03d5d043f97116e63f1a54dd1c96c76b0d9c35def1b7e63c1301ecf134,1000,×使用不可×　本社　,0,0
2023-12-13,febc2fab1ddef18060036a9ab8076e694c735bed89348557148726c0de90c979,1000,×使用不可×　本社　,0,480
2023-12-13,94cdf766eb5085ce1651af9b05d6414ad2df37387e2b2c34ef5a77b53c9af88d,1000,×使用不可×　本社　,0,480
2023-12-13,90e9ae03d5d043f97116e63f1a54dd1c96c76b0d9c35def1b7e63c1301ecf134,1000,×使用不可×　本社　,0,0
2023-12-14,febc2fab1ddef18060036a9ab8076e694c735bed89348557148726c0de90c979,1000,×使用不可×　本社　,0,480
2023-12-14,94cdf766eb5085ce1651af9b05d6414ad2df37387e2b2c34ef5a77b53c9af88d,1000,×使用不可×　本社　,0,480
2023-12-14,90e9ae03d5d043f97116e63f1a54dd1c96c76b0d9c35def1b7e63c1301ecf134,1000,×使用不可×　本社　,0,0
2023-12-15,febc2fab1ddef18060036a9ab8076e694c735bed89348557148726c0de90c979,1000,×使用不可×　本社　,0,480
2023-12-15,94cdf766eb5085ce1651af9b05d6414ad2df37387e2b2c34ef5a77b53c9af88d,1000,×使用不可×　本社　,0,480
2023-12-15,90e9ae03d5d043f97116e63f1a54dd1c96c76b0d9c35def1b7e63c1301ecf134,1000,×使用不可×　本社　,0,0
2023-12-18,febc2fab1ddef18060036a9ab8076e694c735bed89348557148726c0de90c979,1000,×使用不可×　本社　,0,480
2023-12-18,90e9ae03d5d043f97116e63f1a54dd1c96c76b0d9c35def1b7e63c1301ecf134,1000,×使用不可×　本社　,0,0
2023-12-19,febc2fab1ddef18060036a9ab8076e694c735bed89348557148726c0de90c979,1000,×使用不可×　本社　,0,480
2023-12-19,90e9ae03d5d043f97116e63f1a54dd1c96c76b0d9c35def1b7e63c1301ecf134,1000,×使用不可×　本社　,0,0
2023-12-20,febc2fab1ddef18060036a9ab8076e694c735bed89348557148726c0de90c979,1000,×使用不可×　本社　,0,480
2023-12-20,90e9ae03d5d043f97116e63f1a54dd1c96c76b0d9c35def1b7e63c1301ecf134,1000,×使用不可×　本社　,0,0
2023-12-21,febc2fab1ddef18060036a9ab8076e694c735bed89348557148726c0de90c979,1000,×使用不可×　本社　,0,480
2023-12-21,90e9ae03d5d043f97116e63f1a54dd1c96c76b0d9c35def1b7e63c1301ecf134,1000,×使用不可×　本社　,0,0
2023-12-22,febc2fab1ddef18060036a9ab8076e694c735bed89348557148726c0de90c979,1000,×使用不可×　本社　,0,480
2023-12-22,90e9ae03d5d043f97116e63f1a54dd1c96c76b0d9c35def1b7e63c1301ecf134,1000,×使用不可×　本社　,0,0
2023-12-23,febc2fab1ddef18060036a9ab8076e694c735bed89348557148726c0de90c979,1000,×使用不可×　本社　,0,0
2023-12-25,febc2fab1ddef18060036a9ab8076e694c735bed89348557148726c0de90c979,1000,×使用不可×　本社　,0,480
2023-12-26,febc2fab1ddef18060036a9ab8076e694c735bed89348557148726c0de90c979,1000,×使用不可×　本社　,0,480
2023-12-27,febc2fab1ddef18060036a9ab8076e694c735bed89348557148726c0de90c979,1000,×使用不可×　本社　,0,480
2023-12-01,76b472a21eea0028ebe657e242b3632610de6ce7ad21f6e372052e75fb0f1140,7000,×使用不可×　本社（営業）,0,0
2023-12-02,76b472a21eea0028ebe657e242b3632610de6ce7ad21f6e372052e75fb0f1140,7000,×使用不可×　本社（営業）,0,0
2023-12-03,76b472a21eea0028ebe657e242b3632610de6ce7ad21f6e372052e75fb0f1140,7000,×使用不可×　本社（営業）,0,480
2023-12-04,76b472a21eea0028ebe657e242b3632610de6ce7ad21f6e372052e75fb0f1140,7000,×使用不可×　本社（営業）,0,480
2023-12-05,76b472a21eea0028ebe657e242b3632610de6ce7ad21f6e372052e75fb0f1140,7000,×使用不可×　本社（営業）,0,480
2023-12-08,76b472a21eea0028ebe657e242b3632610de6ce7ad21f6e372052e75fb0f1140,7000,×使用不可×　本社（営業）,0,480
2023-12-09,76b472a21eea0028ebe657e242b3632610de6ce7ad21f6e372052e75fb0f1140,7000,×使用不可×　本社（営業）,0,480
2023-12-10,76b472a21eea0028ebe657e242b3632610de6ce7ad21f6e372052e75fb0f1140,7000,×使用不可×　本社（営業）,0,480
2023-12-11,76b472a21eea0028ebe657e242b3632610de6ce7ad21f6e372052e75fb0f1140,7000,×使用不可×　本社（営業）,0,480
2023-12-12,76b472a21eea0028ebe657e242b3632610de6ce7ad21f6e372052e75fb0f1140,7000,×使用不可×　本社（営業）,0,480
2023-12-14,76b472a21eea0028ebe657e242b3632610de6ce7ad21f6e372052e75fb0f1140,7000,×使用不可×　本社（営業）,0,480
2023-12-15,76b472a21eea0028ebe657e242b3632610de6ce7ad21f6e372052e75fb0f1140,7000,×使用不可×　本社（営業）,0,480
2023-12-16,76b472a21eea0028ebe657e242b3632610de6ce7ad21f6e372052e75fb0f1140,7000,×使用不可×　本社（営業）,0,480
2023-12-17,76b472a21eea0028ebe657e242b3632610de6ce7ad21f6e372052e75fb0f1140,7000,×使用不可×　本社（営業）,0,480
2023-12-18,76b472a21eea0028ebe657e242b3632610de6ce7ad21f6e372052e75fb0f1140,7000,×使用不可×　本社（営業）,0,480
2023-12-19,76b472a21eea0028ebe657e242b3632610de6ce7ad21f6e372052e75fb0f1140,7000,×使用不可×　本社（営業）,0,480
2023-12-22,76b472a21eea0028ebe657e242b3632610de6ce7ad21f6e372052e75fb0f1140,7000,×使用不可×　本社（営業）,0,480
2023-12-23,76b472a21eea0028ebe657e242b3632610de6ce7ad21f6e372052e75fb0f1140,7000,×使用不可×　本社（営業）,0,480
2023-12-24,76b472a21eea0028ebe657e242b3632610de6ce7ad21f6e372052e75fb0f1140,7000,×使用不可×　本社（営業）,0,480
2023-12-25,76b472a21eea0028ebe657e242b3632610de6ce7ad21f6e372052e75fb0f1140,7000,×使用不可×　本社（営業）,0,480
2023-12-26,76b472a21eea0028ebe657e242b3632610de6ce7ad21f6e372052e75fb0f1140,7000,×使用不可×　本社（営業）,0,480
2023-12-01,7993be67d3c527b433a5e5693ca0c86ee4f6cc8e89733c7b49a81937f819d0d6,1000,×使用不可×　本社　,0,470
2023-12-04,7993be67d3c527b433a5e5693ca0c86ee4f6cc8e89733c7b49a81937f819d0d6,1000,×使用不可×　本社　,0,464
2023-12-05,7993be67d3c527b433a5e5693ca0c86ee4f6cc8e89733c7b49a81937f819d0d6,1000,×使用不可×　本社　,0,463
2023-12-06,7993be67d3c527b433a5e5693ca0c86ee4f6cc8e89733c7b49a81937f819d0d6,1000,×使用不可×　本社　,0,461
2023-12-07,7993be67d3c527b433a5e5693ca0c86ee4f6cc8e89733c7b49a81937f819d0d6,1000,×使用不可×　本社　,0,460
2023-12-08,7993be67d3c527b433a5e5693ca0c86ee4f6cc8e89733c7b49a81937f819d0d6,1000,×使用不可×　本社　,0,462
2023-12-11,7993be67d3c527b433a5e5693ca0c86ee4f6cc8e89733c7b49a81937f819d0d6,1000,×使用不可×　本社　,0,455
2023-12-12,7993be67d3c527b433a5e5693ca0c86ee4f6cc8e89733c7b49a81937f819d0d6,1000,×使用不可×　本社　,0,463
2023-12-13,7993be67d3c527b433a5e5693ca0c86ee4f6cc8e89733c7b49a81937f819d0d6,1000,×使用不可×　本社　,0,461
2023-12-14,7993be67d3c527b433a5e5693ca0c86ee4f6cc8e89733c7b49a81937f819d0d6,1000,×使用不可×　本社　,0,460
2023-12-15,7993be67d3c527b433a5e5693ca0c86ee4f6cc8e89733c7b49a81937f819d0d6,1000,×使用不可×　本社　,0,462
2023-12-19,7993be67d3c527b433a5e5693ca0c86ee4f6cc8e89733c7b49a81937f819d0d6,1000,×使用不可×　本社　,0,467
2023-12-20,7993be67d3c527b433a5e5693ca0c86ee4f6cc8e89733c7b49a81937f819d0d6,1000,×使用不可×　本社　,0,463
2023-12-21,7993be67d3c527b433a5e5693ca0c86ee4f6cc8e89733c7b49a81937f819d0d6,1000,×使用不可×　本社　,0,461
2023-12-22,7993be67d3c527b433a5e5693ca0c86ee4f6cc8e89733c7b49a81937f819d0d6,1000,×使用不可×　本社　,0,465
2023-12-25,7993be67d3c527b433a5e5693ca0c86ee4f6cc8e89733c7b49a81937f819d0d6,1000,×使用不可×　本社　,0,461
2023-12-26,7993be67d3c527b433a5e5693ca0c86ee4f6cc8e89733c7b49a81937f819d0d6,1000,×使用不可×　本社　,0,463
2023-12-27,7993be67d3c527b433a5e5693ca0c86ee4f6cc8e89733c7b49a81937f819d0d6,8000,関観光ホテル,0,470
2023-12-01,b72211e94d563b44fb5f047b240c4998f2cd0f69d646c44c8d94026c05b686e8,1000,×使用不可×　本社　,90,570
2023-12-04,b72211e94d563b44fb5f047b240c4998f2cd0f69d646c44c8d94026c05b686e8,1000,×使用不可×　本社　,105,585
2023-12-06,b72211e94d563b44fb5f047b240c4998f2cd0f69d646c44c8d94026c05b686e8,1000,×使用不可×　本社　,90,570
2023-12-07,b72211e94d563b44fb5f047b240c4998f2cd0f69d646c44c8d94026c05b686e8,1000,×使用不可×　本社　,90,570
2023-12-08,b72211e94d563b44fb5f047b240c4998f2cd0f69d646c44c8d94026c05b686e8,1000,×使用不可×　本社　,150,630
2023-12-10,b72211e94d563b44fb5f047b240c4998f2cd0f69d646c44c8d94026c05b686e8,1000,×使用不可×　本社　,0,480
2023-12-11,b72211e94d563b44fb5f047b240c4998f2cd0f69d646c44c8d94026c05b686e8,1000,×使用不可×　本社　,150,630
2023-12-12,b72211e94d563b44fb5f047b240c4998f2cd0f69d646c44c8d94026c05b686e8,1000,×使用不可×　本社　,30,510
2023-12-13,b72211e94d563b44fb5f047b240c4998f2cd0f69d646c44c8d94026c05b686e8,1000,×使用不可×　本社　,45,525
2023-12-14,b72211e94d563b44fb5f047b240c4998f2cd0f69d646c44c8d94026c05b686e8,9001,本社　工務　用地部正社員②,240,720
2023-12-15,b72211e94d563b44fb5f047b240c4998f2cd0f69d646c44c8d94026c05b686e8,1000,×使用不可×　本社　,15,495
2023-12-17,b72211e94d563b44fb5f047b240c4998f2cd0f69d646c44c8d94026c05b686e8,1000,×使用不可×　本社　,0,480
2023-12-18,b72211e94d563b44fb5f047b240c4998f2cd0f69d646c44c8d94026c05b686e8,1000,×使用不可×　本社　,150,630
2023-12-19,b72211e94d563b44fb5f047b240c4998f2cd0f69d646c44c8d94026c05b686e8,1000,×使用不可×　本社　,120,600
2023-12-20,b72211e94d563b44fb5f047b240c4998f2cd0f69d646c44c8d94026c05b686e8,1000,×使用不可×　本社　,30,510
2023-12-21,b72211e94d563b44fb5f047b240c4998f2cd0f69d646c44c8d94026c05b686e8,1000,×使用不可×　本社　,90,570
2023-12-22,b72211e94d563b44fb5f047b240c4998f2cd0f69d646c44c8d94026c05b686e8,1000,×使用不可×　本社　,150,630
2023-12-24,b72211e94d563b44fb5f047b240c4998f2cd0f69d646c44c8d94026c05b686e8,1000,×使用不可×　本社　,60,540
2023-12-25,b72211e94d563b44fb5f047b240c4998f2cd0f69d646c44c8d94026c05b686e8,1000,×使用不可×　本社　,0,480
2023-12-26,b72211e94d563b44fb5f047b240c4998f2cd0f69d646c44c8d94026c05b686e8,9001,本社　工務　用地部正社員②,0,240
2023-12-27,b72211e94d563b44fb5f047b240c4998f2cd0f69d646c44c8d94026c05b686e8,1000,×使用不可×　本社　,0,240
2023-12-01,4fc0260e92a2617b64fdf02dd107f8cd9cd1156069b2125b77e956bb962ddf66,1000,×使用不可×　本社　,17,497
2023-12-01,8340a2817f0fd46d728d1079eb7f9d8ef3f3f6477bc0d24a53312ae4cf2ad991,9400,×使用不可×　本社　工務②　正社員,240,720
2023-12-04,4fc0260e92a2617b64fdf02dd107f8cd9cd1156069b2125b77e956bb962ddf66,1000,×使用不可×　本社　,62,542
2023-12-04,8340a2817f0fd46d728d1079eb7f9d8ef3f3f6477bc0d24a53312ae4cf2ad991,9002,本社　工務　用地部正社員,210,690
2023-12-05,4fc0260e92a2617b64fdf02dd107f8cd9cd1156069b2125b77e956bb962ddf66,1000,×使用不可×　本社　,64,544
2023-12-05,8340a2817f0fd46d728d1079eb7f9d8ef3f3f6477bc0d24a53312ae4cf2ad991,9002,本社　工務　用地部正社員,240,720
2023-12-06,4fc0260e92a2617b64fdf02dd107f8cd9cd1156069b2125b77e956bb962ddf66,1000,×使用不可×　本社　,5,485
2023-12-06,8340a2817f0fd46d728d1079eb7f9d8ef3f3f6477bc0d24a53312ae4cf2ad991,9002,本社　工務　用地部正社員,180,660
2023-12-07,4fc0260e92a2617b64fdf02dd107f8cd9cd1156069b2125b77e956bb962ddf66,1000,×使用不可×　本社　,0,257
2023-12-07,8340a2817f0fd46d728d1079eb7f9d8ef3f3f6477bc0d24a53312ae4cf2ad991,9002,本社　工務　用地部正社員,210,690
2023-12-08,4fc0260e92a2617b64fdf02dd107f8cd9cd1156069b2125b77e956bb962ddf66,1000,×使用不可×　本社　,48,528
2023-12-08,8340a2817f0fd46d728d1079eb7f9d8ef3f3f6477bc0d24a53312ae4cf2ad991,9002,本社　工務　用地部正社員,240,720
2023-12-11,4fc0260e92a2617b64fdf02dd107f8cd9cd1156069b2125b77e956bb962ddf66,1000,×使用不可×　本社　,29,509
2023-12-11,8340a2817f0fd46d728d1079eb7f9d8ef3f3f6477bc0d24a53312ae4cf2ad991,9002,本社　工務　用地部正社員,180,660
2023-12-12,4fc0260e92a2617b64fdf02dd107f8cd9cd1156069b2125b77e956bb962ddf66,1000,×使用不可×　本社　,29,509
2023-12-12,8340a2817f0fd46d728d1079eb7f9d8ef3f3f6477bc0d24a53312ae4cf2ad991,9002,本社　工務　用地部正社員,0,300
2023-12-13,4fc0260e92a2617b64fdf02dd107f8cd9cd1156069b2125b77e956bb962ddf66,1000,×使用不可×　本社　,54,534
2023-12-13,8340a2817f0fd46d728d1079eb7f9d8ef3f3f6477bc0d24a53312ae4cf2ad991,9002,本社　工務　用地部正社員,120,600
2023-12-14,4fc0260e92a2617b64fdf02dd107f8cd9cd1156069b2125b77e956bb962ddf66,9002,本社　工務　用地部正社員,0,380
2023-12-14,8340a2817f0fd46d728d1079eb7f9d8ef3f3f6477bc0d24a53312ae4cf2ad991,9002,本社　工務　用地部正社員,240,720
2023-12-15,4fc0260e92a2617b64fdf02dd107f8cd9cd1156069b2125b77e956bb962ddf66,1000,×使用不可×　本社　,100,580
2023-12-15,8340a2817f0fd46d728d1079eb7f9d8ef3f3f6477bc0d24a53312ae4cf2ad991,9002,本社　工務　用地部正社員,150,630
2023-12-16,8340a2817f0fd46d728d1079eb7f9d8ef3f3f6477bc0d24a53312ae4cf2ad991,9002,本社　工務　用地部正社員,0,480
2023-12-18,4fc0260e92a2617b64fdf02dd107f8cd9cd1156069b2125b77e956bb962ddf66,1000,×使用不可×　本社　,58,538
2023-12-18,8340a2817f0fd46d728d1079eb7f9d8ef3f3f6477bc0d24a53312ae4cf2ad991,9002,本社　工務　用地部正社員,180,660
2023-12-19,4fc0260e92a2617b64fdf02dd107f8cd9cd1156069b2125b77e956bb962ddf66,1000,×使用不可×　本社　,74,554
2023-12-19,8340a2817f0fd46d728d1079eb7f9d8ef3f3f6477bc0d24a53312ae4cf2ad991,9002,本社　工務　用地部正社員,210,690
2023-12-20,4fc0260e92a2617b64fdf02dd107f8cd9cd1156069b2125b77e956bb962ddf66,1000,×使用不可×　本社　,0,258
2023-12-20,8340a2817f0fd46d728d1079eb7f9d8ef3f3f6477bc0d24a53312ae4cf2ad991,9002,本社　工務　用地部正社員,180,660
2023-12-21,4fc0260e92a2617b64fdf02dd107f8cd9cd1156069b2125b77e956bb962ddf66,1000,×使用不可×　本社　,14,494
2023-12-21,8340a2817f0fd46d728d1079eb7f9d8ef3f3f6477bc0d24a53312ae4cf2ad991,9002,本社　工務　用地部正社員,240,720
2023-12-22,4fc0260e92a2617b64fdf02dd107f8cd9cd1156069b2125b77e956bb962ddf66,1000,×使用不可×　本社　,10,490
2023-12-22,8340a2817f0fd46d728d1079eb7f9d8ef3f3f6477bc0d24a53312ae4cf2ad991,9002,本社　工務　用地部正社員,0,240
2023-12-24,8340a2817f0fd46d728d1079eb7f9d8ef3f3f6477bc0d24a53312ae4cf2ad991,9002,本社　工務　用地部正社員,0,240
2023-12-25,4fc0260e92a2617b64fdf02dd107f8cd9cd1156069b2125b77e956bb962ddf66,1000,×使用不可×　本社　,26,506
2023-12-25,8340a2817f0fd46d728d1079eb7f9d8ef3f3f6477bc0d24a53312ae4cf2ad991,9002,本社　工務　用地部正社員,180,660
2023-12-26,4fc0260e92a2617b64fdf02dd107f8cd9cd1156069b2125b77e956bb962ddf66,1000,×使用不可×　本社　,22,502
2023-12-26,8340a2817f0fd46d728d1079eb7f9d8ef3f3f6477bc0d24a53312ae4cf2ad991,9002,本社　工務　用地部正社員,120,600
2023-12-27,4fc0260e92a2617b64fdf02dd107f8cd9cd1156069b2125b77e956bb962ddf66,1000,×使用不可×　本社　,28,508
2023-12-27,8340a2817f0fd46d728d1079eb7f9d8ef3f3f6477bc0d24a53312ae4cf2ad991,9002,本社　工務　用地部正社員,0,270
2023-12-28,8340a2817f0fd46d728d1079eb7f9d8ef3f3f6477bc0d24a53312ae4cf2ad991,9002,本社　工務　用地部正社員,0,360
2023-12-01,299cf332e3acf1ef08572795eea5469fbe4ed27bd6a74e599b359420e028126e,1000,×使用不可×　本社　,0,240
2023-12-04,299cf332e3acf1ef08572795eea5469fbe4ed27bd6a74e599b359420e028126e,1000,×使用不可×　本社　,90,570
2023-12-05,299cf332e3acf1ef08572795eea5469fbe4ed27bd6a74e599b359420e028126e,1000,×使用不可×　本社　,30,510
2023-12-06,299cf332e3acf1ef08572795eea5469fbe4ed27bd6a74e599b359420e028126e,1000,×使用不可×　本社　,60,540
2023-12-07,299cf332e3acf1ef08572795eea5469fbe4ed27bd6a74e599b359420e028126e,1000,×使用不可×　本社　,60,540
2023-12-08,299cf332e3acf1ef08572795eea5469fbe4ed27bd6a74e599b359420e028126e,1000,×使用不可×　本社　,75,555
2023-12-11,299cf332e3acf1ef08572795eea5469fbe4ed27bd6a74e599b359420e028126e,1000,×使用不可×　本社　,105,585
2023-12-12,299cf332e3acf1ef08572795eea5469fbe4ed27bd6a74e599b359420e028126e,1000,×使用不可×　本社　,90,570
2023-12-13,299cf332e3acf1ef08572795eea5469fbe4ed27bd6a74e599b359420e028126e,1000,×使用不可×　本社　,120,600
2023-12-14,299cf332e3acf1ef08572795eea5469fbe4ed27bd6a74e599b359420e028126e,9003,本社　工務　用地部パート②,270,750
2023-12-15,299cf332e3acf1ef08572795eea5469fbe4ed27bd6a74e599b359420e028126e,1000,×使用不可×　本社　,135,615
2023-12-18,299cf332e3acf1ef08572795eea5469fbe4ed27bd6a74e599b359420e028126e,1000,×使用不可×　本社　,150,630
2023-12-19,299cf332e3acf1ef08572795eea5469fbe4ed27bd6a74e599b359420e028126e,1000,×使用不可×　本社　,210,690
2023-12-20,299cf332e3acf1ef08572795eea5469fbe4ed27bd6a74e599b359420e028126e,1000,×使用不可×　本社　,135,615
2023-12-21,299cf332e3acf1ef08572795eea5469fbe4ed27bd6a74e599b359420e028126e,1000,×使用不可×　本社　,105,585
2023-12-22,299cf332e3acf1ef08572795eea5469fbe4ed27bd6a74e599b359420e028126e,1000,×使用不可×　本社　,135,615
2023-12-25,299cf332e3acf1ef08572795eea5469fbe4ed27bd6a74e599b359420e028126e,1000,×使用不可×　本社　,105,585
2023-12-26,299cf332e3acf1ef08572795eea5469fbe4ed27bd6a74e599b359420e028126e,1000,×使用不可×　本社　,0,255
2023-12-01,e5ebf1cf4c3ac2ce351f3675d2d4798f2a9728ce6e4dc091704d64e97156d632,9400,×使用不可×　本社　工務②　正社員,0,480
2023-12-01,719c8eb6e10d03da09f9e2024ed3022aa4bb66c4797448ef2c8b52ecf6c1d972,9400,×使用不可×　本社　工務②　正社員,90,570
2023-12-04,e5ebf1cf4c3ac2ce351f3675d2d4798f2a9728ce6e4dc091704d64e97156d632,9004,本社　工務　工務部①,0,480
2023-12-04,719c8eb6e10d03da09f9e2024ed3022aa4bb66c4797448ef2c8b52ecf6c1d972,9004,本社　工務　工務部①,90,570
2023-12-05,e5ebf1cf4c3ac2ce351f3675d2d4798f2a9728ce6e4dc091704d64e97156d632,9004,本社　工務　工務部①,180,660
2023-12-05,719c8eb6e10d03da09f9e2024ed3022aa4bb66c4797448ef2c8b52ecf6c1d972,9004,本社　工務　工務部①,150,630
2023-12-06,e5ebf1cf4c3ac2ce351f3675d2d4798f2a9728ce6e4dc091704d64e97156d632,9004,本社　工務　工務部①,90,570
2023-12-06,719c8eb6e10d03da09f9e2024ed3022aa4bb66c4797448ef2c8b52ecf6c1d972,9004,本社　工務　工務部①,90,570
2023-12-07,e5ebf1cf4c3ac2ce351f3675d2d4798f2a9728ce6e4dc091704d64e97156d632,9004,本社　工務　工務部①,150,630
2023-12-07,719c8eb6e10d03da09f9e2024ed3022aa4bb66c4797448ef2c8b52ecf6c1d972,9004,本社　工務　工務部①,150,630
2023-12-08,e5ebf1cf4c3ac2ce351f3675d2d4798f2a9728ce6e4dc091704d64e97156d632,9004,本社　工務　工務部①,150,630
2023-12-08,719c8eb6e10d03da09f9e2024ed3022aa4bb66c4797448ef2c8b52ecf6c1d972,9004,本社　工務　工務部①,60,540
2023-12-11,e5ebf1cf4c3ac2ce351f3675d2d4798f2a9728ce6e4dc091704d64e97156d632,9004,本社　工務　工務部①,90,570
2023-12-11,719c8eb6e10d03da09f9e2024ed3022aa4bb66c4797448ef2c8b52ecf6c1d972,9004,本社　工務　工務部①,60,540
2023-12-12,e5ebf1cf4c3ac2ce351f3675d2d4798f2a9728ce6e4dc091704d64e97156d632,9004,本社　工務　工務部①,60,540
2023-12-12,719c8eb6e10d03da09f9e2024ed3022aa4bb66c4797448ef2c8b52ecf6c1d972,9004,本社　工務　工務部①,60,540
2023-12-13,e5ebf1cf4c3ac2ce351f3675d2d4798f2a9728ce6e4dc091704d64e97156d632,9004,本社　工務　工務部①,30,510
2023-12-13,719c8eb6e10d03da09f9e2024ed3022aa4bb66c4797448ef2c8b52ecf6c1d972,9004,本社　工務　工務部①,60,540
2023-12-14,e5ebf1cf4c3ac2ce351f3675d2d4798f2a9728ce6e4dc091704d64e97156d632,9004,本社　工務　工務部①,270,750
2023-12-14,719c8eb6e10d03da09f9e2024ed3022aa4bb66c4797448ef2c8b52ecf6c1d972,9004,本社　工務　工務部①,240,720
2023-12-15,e5ebf1cf4c3ac2ce351f3675d2d4798f2a9728ce6e4dc091704d64e97156d632,9004,本社　工務　工務部①,60,540
2023-12-15,719c8eb6e10d03da09f9e2024ed3022aa4bb66c4797448ef2c8b52ecf6c1d972,9004,本社　工務　工務部①,60,540
2023-12-18,e5ebf1cf4c3ac2ce351f3675d2d4798f2a9728ce6e4dc091704d64e97156d632,9004,本社　工務　工務部①,120,600
2023-12-18,719c8eb6e10d03da09f9e2024ed3022aa4bb66c4797448ef2c8b52ecf6c1d972,9004,本社　工務　工務部①,90,570
2023-12-19,e5ebf1cf4c3ac2ce351f3675d2d4798f2a9728ce6e4dc091704d64e97156d632,9004,本社　工務　工務部①,150,630
2023-12-19,719c8eb6e10d03da09f9e2024ed3022aa4bb66c4797448ef2c8b52ecf6c1d972,9004,本社　工務　工務部①,90,570
2023-12-20,e5ebf1cf4c3ac2ce351f3675d2d4798f2a9728ce6e4dc091704d64e97156d632,9004,本社　工務　工務部①,60,540
2023-12-20,719c8eb6e10d03da09f9e2024ed3022aa4bb66c4797448ef2c8b52ecf6c1d972,9004,本社　工務　工務部①,60,540
2023-12-21,e5ebf1cf4c3ac2ce351f3675d2d4798f2a9728ce6e4dc091704d64e97156d632,9004,本社　工務　工務部①,180,660
2023-12-21,719c8eb6e10d03da09f9e2024ed3022aa4bb66c4797448ef2c8b52ecf6c1d972,9004,本社　工務　工務部①,90,570
2023-12-22,e5ebf1cf4c3ac2ce351f3675d2d4798f2a9728ce6e4dc091704d64e97156d632,9004,本社　工務　工務部①,180,660
2023-12-22,719c8eb6e10d03da09f9e2024ed3022aa4bb66c4797448ef2c8b52ecf6c1d972,9004,本社　工務　工務部①,180,660
2023-12-25,e5ebf1cf4c3ac2ce351f3675d2d4798f2a9728ce6e4dc091704d64e97156d632,9004,本社　工務　工務部①,60,540
2023-12-25,719c8eb6e10d03da09f9e2024ed3022aa4bb66c4797448ef2c8b52ecf6c1d972,9004,本社　工務　工務部①,90,570
2023-12-26,e5ebf1cf4c3ac2ce351f3675d2d4798f2a9728ce6e4dc091704d64e97156d632,9004,本社　工務　工務部①,120,600
2023-12-26,719c8eb6e10d03da09f9e2024ed3022aa4bb66c4797448ef2c8b52ecf6c1d972,9004,本社　工務　工務部①,120,600
2023-12-27,e5ebf1cf4c3ac2ce351f3675d2d4798f2a9728ce6e4dc091704d64e97156d632,9004,本社　工務　工務部①,60,540
2023-12-27,719c8eb6e10d03da09f9e2024ed3022aa4bb66c4797448ef2c8b52ecf6c1d972,9004,本社　工務　工務部①,30,510
2023-12-01,6518b3afa41b30b404d4a56ddbf358edbfc1af38dd8d12cbb7189777540a8421,9400,×使用不可×　本社　工務②　正社員,30,510
2023-12-02,6518b3afa41b30b404d4a56ddbf358edbfc1af38dd8d12cbb7189777540a8421,9005,本社　工務　工務部②,0,480
2023-12-04,6518b3afa41b30b404d4a56ddbf358edbfc1af38dd8d12cbb7189777540a8421,9005,本社　工務　工務部②,90,570
2023-12-05,6518b3afa41b30b404d4a56ddbf358edbfc1af38dd8d12cbb7189777540a8421,9005,本社　工務　工務部②,210,690
2023-12-06,6518b3afa41b30b404d4a56ddbf358edbfc1af38dd8d12cbb7189777540a8421,9005,本社　工務　工務部②,0,0
2023-12-07,6518b3afa41b30b404d4a56ddbf358edbfc1af38dd8d12cbb7189777540a8421,9005,本社　工務　工務部②,0,480
2023-12-08,6518b3afa41b30b404d4a56ddbf358edbfc1af38dd8d12cbb7189777540a8421,9005,本社　工務　工務部②,0,480
2023-12-09,6518b3afa41b30b404d4a56ddbf358edbfc1af38dd8d12cbb7189777540a8421,9005,本社　工務　工務部②,0,480
2023-12-11,6518b3afa41b30b404d4a56ddbf358edbfc1af38dd8d12cbb7189777540a8421,9005,本社　工務　工務部②,0,480
2023-12-12,6518b3afa41b30b404d4a56ddbf358edbfc1af38dd8d12cbb7189777540a8421,9005,本社　工務　工務部②,210,690
2023-12-13,6518b3afa41b30b404d4a56ddbf358edbfc1af38dd8d12cbb7189777540a8421,9005,本社　工務　工務部②,0,480
2023-12-14,6518b3afa41b30b404d4a56ddbf358edbfc1af38dd8d12cbb7189777540a8421,9005,本社　工務　工務部②,0,240
2023-12-15,6518b3afa41b30b404d4a56ddbf358edbfc1af38dd8d12cbb7189777540a8421,9005,本社　工務　工務部②,0,390
2023-12-16,6518b3afa41b30b404d4a56ddbf358edbfc1af38dd8d12cbb7189777540a8421,9005,本社　工務　工務部②,0,270
2023-12-18,6518b3afa41b30b404d4a56ddbf358edbfc1af38dd8d12cbb7189777540a8421,9005,本社　工務　工務部②,150,630
2023-12-19,6518b3afa41b30b404d4a56ddbf358edbfc1af38dd8d12cbb7189777540a8421,9005,本社　工務　工務部②,30,510
2023-12-20,6518b3afa41b30b404d4a56ddbf358edbfc1af38dd8d12cbb7189777540a8421,9005,本社　工務　工務部②,120,600
2023-12-21,6518b3afa41b30b404d4a56ddbf358edbfc1af38dd8d12cbb7189777540a8421,9005,本社　工務　工務部②,0,0
2023-12-22,6518b3afa41b30b404d4a56ddbf358edbfc1af38dd8d12cbb7189777540a8421,9005,本社　工務　工務部②,30,510
2023-12-23,6518b3afa41b30b404d4a56ddbf358edbfc1af38dd8d12cbb7189777540a8421,9005,本社　工務　工務部②,0,480
2023-12-25,6518b3afa41b30b404d4a56ddbf358edbfc1af38dd8d12cbb7189777540a8421,9005,本社　工務　工務部②,0,480
2023-12-26,6518b3afa41b30b404d4a56ddbf358edbfc1af38dd8d12cbb7189777540a8421,9005,本社　工務　工務部②,0,480
2023-12-27,6518b3afa41b30b404d4a56ddbf358edbfc1af38dd8d12cbb7189777540a8421,9005,本社　工務　工務部②,0,0
2023-12-29,6518b3afa41b30b404d4a56ddbf358edbfc1af38dd8d12cbb7189777540a8421,9005,本社　工務　工務部②,150,630
2023-12-30,6518b3afa41b30b404d4a56ddbf358edbfc1af38dd8d12cbb7189777540a8421,9005,本社　工務　工務部②,150,630
2023-12-01,4301018b6de60e352af674ee917e3f0da5d62d381702f62a478e8eb0c8c1ee20,1000,×使用不可×　本社　,120,600
2023-12-02,4301018b6de60e352af674ee917e3f0da5d62d381702f62a478e8eb0c8c1ee20,1000,×使用不可×　本社　,90,570
2023-12-04,4301018b6de60e352af674ee917e3f0da5d62d381702f62a478e8eb0c8c1ee20,1000,×使用不可×　本社　,150,630
2023-12-05,4301018b6de60e352af674ee917e3f0da5d62d381702f62a478e8eb0c8c1ee20,1000,×使用不可×　本社　,60,540
2023-12-06,4301018b6de60e352af674ee917e3f0da5d62d381702f62a478e8eb0c8c1ee20,1000,×使用不可×　本社　,120,600
2023-12-07,4301018b6de60e352af674ee917e3f0da5d62d381702f62a478e8eb0c8c1ee20,1000,×使用不可×　本社　,120,600
2023-12-08,4301018b6de60e352af674ee917e3f0da5d62d381702f62a478e8eb0c8c1ee20,1000,×使用不可×　本社　,120,600
2023-12-11,4301018b6de60e352af674ee917e3f0da5d62d381702f62a478e8eb0c8c1ee20,1000,×使用不可×　本社　,120,600
2023-12-12,4301018b6de60e352af674ee917e3f0da5d62d381702f62a478e8eb0c8c1ee20,1000,×使用不可×　本社　,150,630
2023-12-13,4301018b6de60e352af674ee917e3f0da5d62d381702f62a478e8eb0c8c1ee20,1000,×使用不可×　本社　,120,600
2023-12-14,4301018b6de60e352af674ee917e3f0da5d62d381702f62a478e8eb0c8c1ee20,9007,本社　総務部,0,420
2023-12-15,4301018b6de60e352af674ee917e3f0da5d62d381702f62a478e8eb0c8c1ee20,1000,×使用不可×　本社　,90,570
2023-12-16,4301018b6de60e352af674ee917e3f0da5d62d381702f62a478e8eb0c8c1ee20,1000,×使用不可×　本社　,0,270
2023-12-18,4301018b6de60e352af674ee917e3f0da5d62d381702f62a478e8eb0c8c1ee20,1000,×使用不可×　本社　,120,600
2023-12-19,4301018b6de60e352af674ee917e3f0da5d62d381702f62a478e8eb0c8c1ee20,1000,×使用不可×　本社　,120,600
2023-12-20,4301018b6de60e352af674ee917e3f0da5d62d381702f62a478e8eb0c8c1ee20,1000,×使用不可×　本社　,60,540
2023-12-21,4301018b6de60e352af674ee917e3f0da5d62d381702f62a478e8eb0c8c1ee20,1000,×使用不可×　本社　,0,480
2023-12-22,4301018b6de60e352af674ee917e3f0da5d62d381702f62a478e8eb0c8c1ee20,1000,×使用不可×　本社　,150,630
2023-12-23,4301018b6de60e352af674ee917e3f0da5d62d381702f62a478e8eb0c8c1ee20,1000,×使用不可×　本社　,0,450
2023-12-25,4301018b6de60e352af674ee917e3f0da5d62d381702f62a478e8eb0c8c1ee20,1000,×使用不可×　本社　,120,600
2023-12-26,4301018b6de60e352af674ee917e3f0da5d62d381702f62a478e8eb0c8c1ee20,1000,×使用不可×　本社　,150,630
2023-12-27,4301018b6de60e352af674ee917e3f0da5d62d381702f62a478e8eb0c8c1ee20,1000,×使用不可×　本社　,90,570
2023-12-28,4301018b6de60e352af674ee917e3f0da5d62d381702f62a478e8eb0c8c1ee20,1000,×使用不可×　本社　,0,330
2023-12-29,4301018b6de60e352af674ee917e3f0da5d62d381702f62a478e8eb0c8c1ee20,1000,×使用不可×　本社　,90,570
2023-12-30,4301018b6de60e352af674ee917e3f0da5d62d381702f62a478e8eb0c8c1ee20,1000,×使用不可×　本社　,90,570
2023-12-01,c8be269850aa5be5ef6897d888a11f7fbe8acc112d50e3c4149f8137eb21adcc,1000,×使用不可×　本社　,180,660
2023-12-02,c8be269850aa5be5ef6897d888a11f7fbe8acc112d50e3c4149f8137eb21adcc,1000,×使用不可×　本社　,150,630
2023-12-04,c8be269850aa5be5ef6897d888a11f7fbe8acc112d50e3c4149f8137eb21adcc,1000,×使用不可×　本社　,150,630
2023-12-05,c8be269850aa5be5ef6897d888a11f7fbe8acc112d50e3c4149f8137eb21adcc,1000,×使用不可×　本社　,120,600
2023-12-06,c8be269850aa5be5ef6897d888a11f7fbe8acc112d50e3c4149f8137eb21adcc,1000,×使用不可×　本社　,150,630
2023-12-07,c8be269850aa5be5ef6897d888a11f7fbe8acc112d50e3c4149f8137eb21adcc,1000,×使用不可×　本社　,90,570
2023-12-08,c8be269850aa5be5ef6897d888a11f7fbe8acc112d50e3c4149f8137eb21adcc,1000,×使用不可×　本社　,270,810
2023-12-09,c8be269850aa5be5ef6897d888a11f7fbe8acc112d50e3c4149f8137eb21adcc,1000,×使用不可×　本社　,0,480
2023-12-11,c8be269850aa5be5ef6897d888a11f7fbe8acc112d50e3c4149f8137eb21adcc,1000,×使用不可×　本社　,180,660
2023-12-12,c8be269850aa5be5ef6897d888a11f7fbe8acc112d50e3c4149f8137eb21adcc,1000,×使用不可×　本社　,90,570
2023-12-13,c8be269850aa5be5ef6897d888a11f7fbe8acc112d50e3c4149f8137eb21adcc,1000,×使用不可×　本社　,210,690
2023-12-14,c8be269850aa5be5ef6897d888a11f7fbe8acc112d50e3c4149f8137eb21adcc,1000,×使用不可×　本社　,1110,2010
2023-12-15,c8be269850aa5be5ef6897d888a11f7fbe8acc112d50e3c4149f8137eb21adcc,9008,本社　人事部,0,480
2023-12-16,c8be269850aa5be5ef6897d888a11f7fbe8acc112d50e3c4149f8137eb21adcc,1000,×使用不可×　本社　,0,360
2023-12-18,c8be269850aa5be5ef6897d888a11f7fbe8acc112d50e3c4149f8137eb21adcc,1000,×使用不可×　本社　,120,600
2023-12-19,c8be269850aa5be5ef6897d888a11f7fbe8acc112d50e3c4149f8137eb21adcc,1000,×使用不可×　本社　,0,450
2023-12-20,c8be269850aa5be5ef6897d888a11f7fbe8acc112d50e3c4149f8137eb21adcc,1000,×使用不可×　本社　,90,570
2023-12-21,c8be269850aa5be5ef6897d888a11f7fbe8acc112d50e3c4149f8137eb21adcc,9008,本社　人事部,60,540
2023-12-22,c8be269850aa5be5ef6897d888a11f7fbe8acc112d50e3c4149f8137eb21adcc,1000,×使用不可×　本社　,180,660
2023-12-23,c8be269850aa5be5ef6897d888a11f7fbe8acc112d50e3c4149f8137eb21adcc,1000,×使用不可×　本社　,0,480
2023-12-25,c8be269850aa5be5ef6897d888a11f7fbe8acc112d50e3c4149f8137eb21adcc,1000,×使用不可×　本社　,120,600
2023-12-26,c8be269850aa5be5ef6897d888a11f7fbe8acc112d50e3c4149f8137eb21adcc,1000,×使用不可×　本社　,150,630
2023-12-27,c8be269850aa5be5ef6897d888a11f7fbe8acc112d50e3c4149f8137eb21adcc,1000,×使用不可×　本社　,0,390
2023-12-28,c8be269850aa5be5ef6897d888a11f7fbe8acc112d50e3c4149f8137eb21adcc,1000,×使用不可×　本社　,0,480
2023-12-29,c8be269850aa5be5ef6897d888a11f7fbe8acc112d50e3c4149f8137eb21adcc,1000,×使用不可×　本社　,0,420
2023-12-30,c8be269850aa5be5ef6897d888a11f7fbe8acc112d50e3c4149f8137eb21adcc,1000,×使用不可×　本社　,0,450
2023-12-01,a952f687b3eb5cecc59f2d43ece744d9af57db010233929c002b6a9231626ae0,1000,×使用不可×　本社　,0,465
2023-12-02,a952f687b3eb5cecc59f2d43ece744d9af57db010233929c002b6a9231626ae0,1000,×使用不可×　本社　,0,435
2023-12-04,a952f687b3eb5cecc59f2d43ece744d9af57db010233929c002b6a9231626ae0,1000,×使用不可×　本社　,0,285
2023-12-05,a952f687b3eb5cecc59f2d43ece744d9af57db010233929c002b6a9231626ae0,9009,本社　総務部パート,0,0
2023-12-06,a952f687b3eb5cecc59f2d43ece744d9af57db010233929c002b6a9231626ae0,1000,×使用不可×　本社　,0,465
2023-12-07,a952f687b3eb5cecc59f2d43ece744d9af57db010233929c002b6a9231626ae0,9009,本社　総務部パート,0,0
2023-12-08,a952f687b3eb5cecc59f2d43ece744d9af57db010233929c002b6a9231626ae0,1000,×使用不可×　本社　,0,465
2023-12-11,a952f687b3eb5cecc59f2d43ece744d9af57db010233929c002b6a9231626ae0,1000,×使用不可×　本社　,0,465
2023-12-12,a952f687b3eb5cecc59f2d43ece744d9af57db010233929c002b6a9231626ae0,9009,本社　総務部パート,0,0
2023-12-13,a952f687b3eb5cecc59f2d43ece744d9af57db010233929c002b6a9231626ae0,1000,×使用不可×　本社　,0,450
2023-12-14,a952f687b3eb5cecc59f2d43ece744d9af57db010233929c002b6a9231626ae0,9009,本社　総務部パート,0,0
2023-12-15,a952f687b3eb5cecc59f2d43ece744d9af57db010233929c002b6a9231626ae0,1000,×使用不可×　本社　,0,450
2023-12-18,a952f687b3eb5cecc59f2d43ece744d9af57db010233929c002b6a9231626ae0,1000,×使用不可×　本社　,0,450
2023-12-19,a952f687b3eb5cecc59f2d43ece744d9af57db010233929c002b6a9231626ae0,9009,本社　総務部パート,0,0
2023-12-20,a952f687b3eb5cecc59f2d43ece744d9af57db010233929c002b6a9231626ae0,1000,×使用不可×　本社　,0,465
2023-12-21,a952f687b3eb5cecc59f2d43ece744d9af57db010233929c002b6a9231626ae0,9009,本社　総務部パート,0,0
2023-12-22,a952f687b3eb5cecc59f2d43ece744d9af57db010233929c002b6a9231626ae0,1000,×使用不可×　本社　,0,450
2023-12-23,a952f687b3eb5cecc59f2d43ece744d9af57db010233929c002b6a9231626ae0,1000,×使用不可×　本社　,0,420
2023-12-25,a952f687b3eb5cecc59f2d43ece744d9af57db010233929c002b6a9231626ae0,1000,×使用不可×　本社　,0,465
2023-12-26,a952f687b3eb5cecc59f2d43ece744d9af57db010233929c002b6a9231626ae0,9009,本社　総務部パート,0,0
2023-12-27,a952f687b3eb5cecc59f2d43ece744d9af57db010233929c002b6a9231626ae0,9009,本社　総務部パート,0,0
2023-12-28,a952f687b3eb5cecc59f2d43ece744d9af57db010233929c002b6a9231626ae0,1000,×使用不可×　本社　,0,450
2023-12-29,a952f687b3eb5cecc59f2d43ece744d9af57db010233929c002b6a9231626ae0,1000,×使用不可×　本社　,0,450
2023-12-30,a952f687b3eb5cecc59f2d43ece744d9af57db010233929c002b6a9231626ae0,1000,×使用不可×　本社　,0,435
2023-12-01,9b58b406b74027edb99770e2961bc1f5e6fcc5c06b221c086c99b51227b4ca48,9900,本社　営業②正社員　水木休み,60,540
2023-12-02,9b58b406b74027edb99770e2961bc1f5e6fcc5c06b221c086c99b51227b4ca48,1000,×使用不可×　本社　,0,480
2023-12-03,9b58b406b74027edb99770e2961bc1f5e6fcc5c06b221c086c99b51227b4ca48,1000,×使用不可×　本社　,0,480
2023-12-04,9b58b406b74027edb99770e2961bc1f5e6fcc5c06b221c086c99b51227b4ca48,1000,×使用不可×　本社　,90,570
2023-12-05,9b58b406b74027edb99770e2961bc1f5e6fcc5c06b221c086c99b51227b4ca48,9010,本社（デザイン）,0,480
2023-12-08,9b58b406b74027edb99770e2961bc1f5e6fcc5c06b221c086c99b51227b4ca48,1000,×使用不可×　本社　,0,270
2023-12-09,9b58b406b74027edb99770e2961bc1f5e6fcc5c06b221c086c99b51227b4ca48,1000,×使用不可×　本社　,0,480
2023-12-10,9b58b406b74027edb99770e2961bc1f5e6fcc5c06b221c086c99b51227b4ca48,1000,×使用不可×　本社　,0,480
2023-12-11,9b58b406b74027edb99770e2961bc1f5e6fcc5c06b221c086c99b51227b4ca48,1000,×使用不可×　本社　,30,510
2023-12-12,9b58b406b74027edb99770e2961bc1f5e6fcc5c06b221c086c99b51227b4ca48,1000,×使用不可×　本社　,30,510
2023-12-14,9b58b406b74027edb99770e2961bc1f5e6fcc5c06b221c086c99b51227b4ca48,9010,本社（デザイン）,0,480
2023-12-15,9b58b406b74027edb99770e2961bc1f5e6fcc5c06b221c086c99b51227b4ca48,1000,×使用不可×　本社　,60,540
2023-12-16,9b58b406b74027edb99770e2961bc1f5e6fcc5c06b221c086c99b51227b4ca48,9010,本社（デザイン）,0,480
2023-12-17,9b58b406b74027edb99770e2961bc1f5e6fcc5c06b221c086c99b51227b4ca48,1000,×使用不可×　本社　,0,480
2023-12-18,9b58b406b74027edb99770e2961bc1f5e6fcc5c06b221c086c99b51227b4ca48,1000,×使用不可×　本社　,60,540
2023-12-19,9b58b406b74027edb99770e2961bc1f5e6fcc5c06b221c086c99b51227b4ca48,1000,×使用不可×　本社　,60,540
2023-12-22,9b58b406b74027edb99770e2961bc1f5e6fcc5c06b221c086c99b51227b4ca48,1000,×使用不可×　本社　,30,510
2023-12-23,9b58b406b74027edb99770e2961bc1f5e6fcc5c06b221c086c99b51227b4ca48,1000,×使用不可×　本社　,30,510
2023-12-24,9b58b406b74027edb99770e2961bc1f5e6fcc5c06b221c086c99b51227b4ca48,1000,×使用不可×　本社　,30,510
2023-12-25,9b58b406b74027edb99770e2961bc1f5e6fcc5c06b221c086c99b51227b4ca48,1000,×使用不可×　本社　,90,570
2023-12-26,9b58b406b74027edb99770e2961bc1f5e6fcc5c06b221c086c99b51227b4ca48,1000,×使用不可×　本社　,90,570
2023-12-01,8cb6de1c6790c18a702fb931601b9c7fedcc5e463a0a4f11b02b97fd5c6d58bd,1000,×使用不可×　本社　,82,562
2023-12-01,f8eb844bd91e5a7f7eae2bf7f5e8a784f36232a15af654db280faacc82c55dd5,1000,×使用不可×　本社　,30,510
2023-12-04,8cb6de1c6790c18a702fb931601b9c7fedcc5e463a0a4f11b02b97fd5c6d58bd,1000,×使用不可×　本社　,122,602
2023-12-04,f8eb844bd91e5a7f7eae2bf7f5e8a784f36232a15af654db280faacc82c55dd5,1000,×使用不可×　本社　,90,570
2023-12-05,8cb6de1c6790c18a702fb931601b9c7fedcc5e463a0a4f11b02b97fd5c6d58bd,1000,×使用不可×　本社　,18,498
2023-12-05,f8eb844bd91e5a7f7eae2bf7f5e8a784f36232a15af654db280faacc82c55dd5,1000,×使用不可×　本社　,60,540
2023-12-06,8cb6de1c6790c18a702fb931601b9c7fedcc5e463a0a4f11b02b97fd5c6d58bd,9011,本社　工務　工務部　完全週休二日,23,503
2023-12-06,f8eb844bd91e5a7f7eae2bf7f5e8a784f36232a15af654db280faacc82c55dd5,9011,本社　工務　工務部　完全週休二日,30,510
2023-12-07,8cb6de1c6790c18a702fb931601b9c7fedcc5e463a0a4f11b02b97fd5c6d58bd,1000,×使用不可×　本社　,89,569
2023-12-07,f8eb844bd91e5a7f7eae2bf7f5e8a784f36232a15af654db280faacc82c55dd5,1000,×使用不可×　本社　,30,510
2023-12-08,8cb6de1c6790c18a702fb931601b9c7fedcc5e463a0a4f11b02b97fd5c6d58bd,1000,×使用不可×　本社　,86,566
2023-12-08,f8eb844bd91e5a7f7eae2bf7f5e8a784f36232a15af654db280faacc82c55dd5,1000,×使用不可×　本社　,30,510
2023-12-11,8cb6de1c6790c18a702fb931601b9c7fedcc5e463a0a4f11b02b97fd5c6d58bd,1000,×使用不可×　本社　,83,563
2023-12-11,f8eb844bd91e5a7f7eae2bf7f5e8a784f36232a15af654db280faacc82c55dd5,1000,×使用不可×　本社　,30,510
2023-12-12,8cb6de1c6790c18a702fb931601b9c7fedcc5e463a0a4f11b02b97fd5c6d58bd,1000,×使用不可×　本社　,105,585
2023-12-12,f8eb844bd91e5a7f7eae2bf7f5e8a784f36232a15af654db280faacc82c55dd5,1000,×使用不可×　本社　,0,480
2023-12-13,8cb6de1c6790c18a702fb931601b9c7fedcc5e463a0a4f11b02b97fd5c6d58bd,1000,×使用不可×　本社　,35,515
2023-12-13,f8eb844bd91e5a7f7eae2bf7f5e8a784f36232a15af654db280faacc82c55dd5,1000,×使用不可×　本社　,30,510
2023-12-14,8cb6de1c6790c18a702fb931601b9c7fedcc5e463a0a4f11b02b97fd5c6d58bd,9011,本社　工務　工務部　完全週休二日,270,861
2023-12-14,f8eb844bd91e5a7f7eae2bf7f5e8a784f36232a15af654db280faacc82c55dd5,1000,×使用不可×　本社　,0,480
2023-12-15,8cb6de1c6790c18a702fb931601b9c7fedcc5e463a0a4f11b02b97fd5c6d58bd,1000,×使用不可×　本社　,73,553
2023-12-15,f8eb844bd91e5a7f7eae2bf7f5e8a784f36232a15af654db280faacc82c55dd5,1000,×使用不可×　本社　,30,510
2023-12-18,8cb6de1c6790c18a702fb931601b9c7fedcc5e463a0a4f11b02b97fd5c6d58bd,1000,×使用不可×　本社　,68,548
2023-12-18,f8eb844bd91e5a7f7eae2bf7f5e8a784f36232a15af654db280faacc82c55dd5,1000,×使用不可×　本社　,30,510
2023-12-19,8cb6de1c6790c18a702fb931601b9c7fedcc5e463a0a4f11b02b97fd5c6d58bd,1000,×使用不可×　本社　,101,581
2023-12-19,f8eb844bd91e5a7f7eae2bf7f5e8a784f36232a15af654db280faacc82c55dd5,1000,×使用不可×　本社　,30,510
2023-12-20,8cb6de1c6790c18a702fb931601b9c7fedcc5e463a0a4f11b02b97fd5c6d58bd,9011,本社　工務　工務部　完全週休二日,26,506
2023-12-20,f8eb844bd91e5a7f7eae2bf7f5e8a784f36232a15af654db280faacc82c55dd5,9011,本社　工務　工務部　完全週休二日,0,0
2023-12-21,f8eb844bd91e5a7f7eae2bf7f5e8a784f36232a15af654db280faacc82c55dd5,1000,×使用不可×　本社　,30,510
2023-12-21,8cb6de1c6790c18a702fb931601b9c7fedcc5e463a0a4f11b02b97fd5c6d58bd,1000,×使用不可×　本社　,173,653
2023-12-22,f8eb844bd91e5a7f7eae2bf7f5e8a784f36232a15af654db280faacc82c55dd5,1000,×使用不可×　本社　,60,540
2023-12-22,8cb6de1c6790c18a702fb931601b9c7fedcc5e463a0a4f11b02b97fd5c6d58bd,1000,×使用不可×　本社　,154,634
2023-12-25,f8eb844bd91e5a7f7eae2bf7f5e8a784f36232a15af654db280faacc82c55dd5,1000,×使用不可×　本社　,60,540
2023-12-25,8cb6de1c6790c18a702fb931601b9c7fedcc5e463a0a4f11b02b97fd5c6d58bd,9011,本社　工務　工務部　完全週休二日,107,587
2023-12-26,f8eb844bd91e5a7f7eae2bf7f5e8a784f36232a15af654db280faacc82c55dd5,1000,×使用不可×　本社　,30,510
2023-12-26,8cb6de1c6790c18a702fb931601b9c7fedcc5e463a0a4f11b02b97fd5c6d58bd,1000,×使用不可×　本社　,111,591
2023-12-27,f8eb844bd91e5a7f7eae2bf7f5e8a784f36232a15af654db280faacc82c55dd5,1000,×使用不可×　本社　,0,480
2023-12-27,8cb6de1c6790c18a702fb931601b9c7fedcc5e463a0a4f11b02b97fd5c6d58bd,1000,×使用不可×　本社　,52,532
2023-12-01,16d18855ec4fa2b0f09e49ae469fcd6c7caed58dca46aaed2a2dee08b0c8d9cc,6000,×使用不可×　土岐(DAIMARU PARK）,0,360
2023-12-03,fc780d7b33d8d340d7371f45006e234781a008858817f56ecb730f4e48e4767b,6000,×使用不可×　土岐(DAIMARU PARK）,0,480
2023-12-04,fc780d7b33d8d340d7371f45006e234781a008858817f56ecb730f4e48e4767b,6000,×使用不可×　土岐(DAIMARU PARK）,0,480
2023-12-04,16d18855ec4fa2b0f09e49ae469fcd6c7caed58dca46aaed2a2dee08b0c8d9cc,6000,×使用不可×　土岐(DAIMARU PARK）,0,120
2023-12-05,16d18855ec4fa2b0f09e49ae469fcd6c7caed58dca46aaed2a2dee08b0c8d9cc,6000,×使用不可×　土岐(DAIMARU PARK）,0,360
2023-12-06,16d18855ec4fa2b0f09e49ae469fcd6c7caed58dca46aaed2a2dee08b0c8d9cc,6000,×使用不可×　土岐(DAIMARU PARK）,0,319
2023-12-06,fc780d7b33d8d340d7371f45006e234781a008858817f56ecb730f4e48e4767b,6000,×使用不可×　土岐(DAIMARU PARK）,0,480
2023-12-07,fc780d7b33d8d340d7371f45006e234781a008858817f56ecb730f4e48e4767b,6000,×使用不可×　土岐(DAIMARU PARK）,0,450
2023-12-08,16d18855ec4fa2b0f09e49ae469fcd6c7caed58dca46aaed2a2dee08b0c8d9cc,6000,×使用不可×　土岐(DAIMARU PARK）,0,360
2023-12-10,fc780d7b33d8d340d7371f45006e234781a008858817f56ecb730f4e48e4767b,6000,×使用不可×　土岐(DAIMARU PARK）,0,480
2023-12-11,fc780d7b33d8d340d7371f45006e234781a008858817f56ecb730f4e48e4767b,6000,×使用不可×　土岐(DAIMARU PARK）,0,480
2023-12-12,16d18855ec4fa2b0f09e49ae469fcd6c7caed58dca46aaed2a2dee08b0c8d9cc,6000,×使用不可×　土岐(DAIMARU PARK）,0,360
2023-12-13,fc780d7b33d8d340d7371f45006e234781a008858817f56ecb730f4e48e4767b,6000,×使用不可×　土岐(DAIMARU PARK）,0,480
2023-12-13,16d18855ec4fa2b0f09e49ae469fcd6c7caed58dca46aaed2a2dee08b0c8d9cc,6000,×使用不可×　土岐(DAIMARU PARK）,0,320
2023-12-14,fc780d7b33d8d340d7371f45006e234781a008858817f56ecb730f4e48e4767b,9700,土岐(DAIMARU　PARK）,0,480
2023-12-15,16d18855ec4fa2b0f09e49ae469fcd6c7caed58dca46aaed2a2dee08b0c8d9cc,6000,×使用不可×　土岐(DAIMARU PARK）,0,360
2023-12-17,fc780d7b33d8d340d7371f45006e234781a008858817f56ecb730f4e48e4767b,6000,×使用不可×　土岐(DAIMARU PARK）,0,480
2023-12-18,fc780d7b33d8d340d7371f45006e234781a008858817f56ecb730f4e48e4767b,6000,×使用不可×　土岐(DAIMARU PARK）,0,480
2023-12-19,16d18855ec4fa2b0f09e49ae469fcd6c7caed58dca46aaed2a2dee08b0c8d9cc,6000,×使用不可×　土岐(DAIMARU PARK）,0,360
2023-12-20,fc780d7b33d8d340d7371f45006e234781a008858817f56ecb730f4e48e4767b,9700,土岐(DAIMARU　PARK）,0,0
2023-12-20,16d18855ec4fa2b0f09e49ae469fcd6c7caed58dca46aaed2a2dee08b0c8d9cc,6000,×使用不可×　土岐(DAIMARU PARK）,0,360
2023-12-21,fc780d7b33d8d340d7371f45006e234781a008858817f56ecb730f4e48e4767b,9700,土岐(DAIMARU　PARK）,0,0
2023-12-22,16d18855ec4fa2b0f09e49ae469fcd6c7caed58dca46aaed2a2dee08b0c8d9cc,9700,土岐(DAIMARU　PARK）,0,0
2023-12-24,fc780d7b33d8d340d7371f45006e234781a008858817f56ecb730f4e48e4767b,9700,土岐(DAIMARU　PARK）,0,0
2023-12-25,fc780d7b33d8d340d7371f45006e234781a008858817f56ecb730f4e48e4767b,9700,土岐(DAIMARU　PARK）,0,0
2023-12-25,16d18855ec4fa2b0f09e49ae469fcd6c7caed58dca46aaed2a2dee08b0c8d9cc,9700,土岐(DAIMARU　PARK）,0,0
2023-12-26,16d18855ec4fa2b0f09e49ae469fcd6c7caed58dca46aaed2a2dee08b0c8d9cc,9700,土岐(DAIMARU　PARK）,0,0
2023-12-27,fc780d7b33d8d340d7371f45006e234781a008858817f56ecb730f4e48e4767b,9700,土岐(DAIMARU　PARK）,0,0
2023-12-27,16d18855ec4fa2b0f09e49ae469fcd6c7caed58dca46aaed2a2dee08b0c8d9cc,9700,土岐(DAIMARU　PARK）,0,0
2023-12-28,fc780d7b33d8d340d7371f45006e234781a008858817f56ecb730f4e48e4767b,9700,土岐(DAIMARU　PARK）,0,0
2023-12-31,fc780d7b33d8d340d7371f45006e234781a008858817f56ecb730f4e48e4767b,9700,土岐(DAIMARU　PARK）,0,0
2023-12-01,528dfd4f6e02ff7bba23a61466d66a41b69690b2eeca1f7ac144f355cf1188b6,9800,本社　営業①正社員　火水休み,60,540
2023-12-01,5791b6f30002dd48e1eed4277aa05397b3a1d96555608cc4e5d93675af730709,9800,本社　営業①正社員　火水休み,90,570
2023-12-01,2797ef24a2527073411ebd7458b2e1844b93f7b716e76173db4814ea461ca70e,1000,×使用不可×　本社　,60,540
2023-12-01,369f2d771162fd0132358037df120bd68334c7bb929ae80dac92472ba0dad679,1000,×使用不可×　本社　,60,540
2023-12-02,528dfd4f6e02ff7bba23a61466d66a41b69690b2eeca1f7ac144f355cf1188b6,9800,本社　営業①正社員　火水休み,60,540
2023-12-02,5791b6f30002dd48e1eed4277aa05397b3a1d96555608cc4e5d93675af730709,9800,本社　営業①正社員　火水休み,60,540
2023-12-02,2797ef24a2527073411ebd7458b2e1844b93f7b716e76173db4814ea461ca70e,1000,×使用不可×　本社　,60,540
2023-12-02,369f2d771162fd0132358037df120bd68334c7bb929ae80dac92472ba0dad679,9800,本社　営業①正社員　火水休み,0,480
2023-12-03,528dfd4f6e02ff7bba23a61466d66a41b69690b2eeca1f7ac144f355cf1188b6,9800,本社　営業①正社員　火水休み,0,480
2023-12-03,5791b6f30002dd48e1eed4277aa05397b3a1d96555608cc4e5d93675af730709,9800,本社　営業①正社員　火水休み,60,540
2023-12-03,2797ef24a2527073411ebd7458b2e1844b93f7b716e76173db4814ea461ca70e,1000,×使用不可×　本社　,30,510
2023-12-03,369f2d771162fd0132358037df120bd68334c7bb929ae80dac92472ba0dad679,1000,×使用不可×　本社　,30,510
2023-12-04,528dfd4f6e02ff7bba23a61466d66a41b69690b2eeca1f7ac144f355cf1188b6,9800,本社　営業①正社員　火水休み,0,480
2023-12-04,5791b6f30002dd48e1eed4277aa05397b3a1d96555608cc4e5d93675af730709,9800,本社　営業①正社員　火水休み,1080,1980
2023-12-04,2797ef24a2527073411ebd7458b2e1844b93f7b716e76173db4814ea461ca70e,9800,本社　営業①正社員　火水休み,90,570
2023-12-04,369f2d771162fd0132358037df120bd68334c7bb929ae80dac92472ba0dad679,1000,×使用不可×　本社　,150,630
2023-12-05,528dfd4f6e02ff7bba23a61466d66a41b69690b2eeca1f7ac144f355cf1188b6,9800,本社　営業①正社員　火水休み,30,510
2023-12-05,2797ef24a2527073411ebd7458b2e1844b93f7b716e76173db4814ea461ca70e,1000,×使用不可×　本社　,0,450
2023-12-05,369f2d771162fd0132358037df120bd68334c7bb929ae80dac92472ba0dad679,1000,×使用不可×　本社　,30,510
2023-12-06,2797ef24a2527073411ebd7458b2e1844b93f7b716e76173db4814ea461ca70e,9800,本社　営業①正社員　火水休み,0,240
2023-12-07,528dfd4f6e02ff7bba23a61466d66a41b69690b2eeca1f7ac144f355cf1188b6,9800,本社　営業①正社員　火水休み,0,0
2023-12-07,5791b6f30002dd48e1eed4277aa05397b3a1d96555608cc4e5d93675af730709,9800,本社　営業①正社員　火水休み,0,0
2023-12-07,2797ef24a2527073411ebd7458b2e1844b93f7b716e76173db4814ea461ca70e,9800,本社　営業①正社員　火水休み,0,0
2023-12-07,369f2d771162fd0132358037df120bd68334c7bb929ae80dac92472ba0dad679,9800,本社　営業①正社員　火水休み,0,0
2023-12-08,528dfd4f6e02ff7bba23a61466d66a41b69690b2eeca1f7ac144f355cf1188b6,9800,本社　営業①正社員　火水休み,60,540
2023-12-08,5791b6f30002dd48e1eed4277aa05397b3a1d96555608cc4e5d93675af730709,9800,本社　営業①正社員　火水休み,60,540
2023-12-08,2797ef24a2527073411ebd7458b2e1844b93f7b716e76173db4814ea461ca70e,1000,×使用不可×　本社　,30,510
2023-12-08,369f2d771162fd0132358037df120bd68334c7bb929ae80dac92472ba0dad679,1000,×使用不可×　本社　,60,540
2023-12-09,528dfd4f6e02ff7bba23a61466d66a41b69690b2eeca1f7ac144f355cf1188b6,9800,本社　営業①正社員　火水休み,30,510
2023-12-09,5791b6f30002dd48e1eed4277aa05397b3a1d96555608cc4e5d93675af730709,9800,本社　営業①正社員　火水休み,0,480
2023-12-09,2797ef24a2527073411ebd7458b2e1844b93f7b716e76173db4814ea461ca70e,1000,×使用不可×　本社　,30,510
2023-12-09,369f2d771162fd0132358037df120bd68334c7bb929ae80dac92472ba0dad679,1000,×使用不可×　本社　,30,510
2023-12-10,528dfd4f6e02ff7bba23a61466d66a41b69690b2eeca1f7ac144f355cf1188b6,9800,本社　営業①正社員　火水休み,60,540
2023-12-10,5791b6f30002dd48e1eed4277aa05397b3a1d96555608cc4e5d93675af730709,9800,本社　営業①正社員　火水休み,0,480
2023-12-10,2797ef24a2527073411ebd7458b2e1844b93f7b716e76173db4814ea461ca70e,9800,本社　営業①正社員　火水休み,0,0
2023-12-10,369f2d771162fd0132358037df120bd68334c7bb929ae80dac92472ba0dad679,1000,×使用不可×　本社　,30,510
2023-12-11,528dfd4f6e02ff7bba23a61466d66a41b69690b2eeca1f7ac144f355cf1188b6,9800,本社　営業①正社員　火水休み,30,510
2023-12-11,5791b6f30002dd48e1eed4277aa05397b3a1d96555608cc4e5d93675af730709,9800,本社　営業①正社員　火水休み,60,540
2023-12-11,2797ef24a2527073411ebd7458b2e1844b93f7b716e76173db4814ea461ca70e,1000,×使用不可×　本社　,30,510
2023-12-11,369f2d771162fd0132358037df120bd68334c7bb929ae80dac92472ba0dad679,1000,×使用不可×　本社　,60,540
2023-12-12,5791b6f30002dd48e1eed4277aa05397b3a1d96555608cc4e5d93675af730709,9800,本社　営業①正社員　火水休み,30,510
2023-12-13,2797ef24a2527073411ebd7458b2e1844b93f7b716e76173db4814ea461ca70e,1000,×使用不可×　本社　,30,510
2023-12-14,528dfd4f6e02ff7bba23a61466d66a41b69690b2eeca1f7ac144f355cf1188b6,9800,本社　営業①正社員　火水休み,120,600
2023-12-14,5791b6f30002dd48e1eed4277aa05397b3a1d96555608cc4e5d93675af730709,9800,本社　営業①正社員　火水休み,0,0
2023-12-14,2797ef24a2527073411ebd7458b2e1844b93f7b716e76173db4814ea461ca70e,9800,本社　営業①正社員　火水休み,240,720
2023-12-14,369f2d771162fd0132358037df120bd68334c7bb929ae80dac92472ba0dad679,9800,本社　営業①正社員　火水休み,270,810
2023-12-15,528dfd4f6e02ff7bba23a61466d66a41b69690b2eeca1f7ac144f355cf1188b6,9800,本社　営業①正社員　火水休み,60,540
2023-12-15,5791b6f30002dd48e1eed4277aa05397b3a1d96555608cc4e5d93675af730709,9800,本社　営業①正社員　火水休み,60,540
2023-12-15,2797ef24a2527073411ebd7458b2e1844b93f7b716e76173db4814ea461ca70e,9800,本社　営業①正社員　火水休み,0,0
2023-12-15,369f2d771162fd0132358037df120bd68334c7bb929ae80dac92472ba0dad679,1000,×使用不可×　本社　,30,510
2023-12-16,528dfd4f6e02ff7bba23a61466d66a41b69690b2eeca1f7ac144f355cf1188b6,9800,本社　営業①正社員　火水休み,0,480
2023-12-16,5791b6f30002dd48e1eed4277aa05397b3a1d96555608cc4e5d93675af730709,9800,本社　営業①正社員　火水休み,30,510
2023-12-16,2797ef24a2527073411ebd7458b2e1844b93f7b716e76173db4814ea461ca70e,1000,×使用不可×　本社　,150,630
2023-12-16,369f2d771162fd0132358037df120bd68334c7bb929ae80dac92472ba0dad679,1000,×使用不可×　本社　,30,510
2023-12-17,528dfd4f6e02ff7bba23a61466d66a41b69690b2eeca1f7ac144f355cf1188b6,9800,本社　営業①正社員　火水休み,30,510
2023-12-17,5791b6f30002dd48e1eed4277aa05397b3a1d96555608cc4e5d93675af730709,9800,本社　営業①正社員　火水休み,30,510
2023-12-17,2797ef24a2527073411ebd7458b2e1844b93f7b716e76173db4814ea461ca70e,9800,本社　営業①正社員　火水休み,0,480
2023-12-17,369f2d771162fd0132358037df120bd68334c7bb929ae80dac92472ba0dad679,9800,本社　営業①正社員　火水休み,150,630
2023-12-18,528dfd4f6e02ff7bba23a61466d66a41b69690b2eeca1f7ac144f355cf1188b6,9800,本社　営業①正社員　火水休み,60,540
2023-12-18,5791b6f30002dd48e1eed4277aa05397b3a1d96555608cc4e5d93675af730709,9800,本社　営業①正社員　火水休み,90,570
2023-12-18,2797ef24a2527073411ebd7458b2e1844b93f7b716e76173db4814ea461ca70e,9800,本社　営業①正社員　火水休み,0,480
2023-12-18,369f2d771162fd0132358037df120bd68334c7bb929ae80dac92472ba0dad679,1000,×使用不可×　本社　,0,480
2023-12-19,528dfd4f6e02ff7bba23a61466d66a41b69690b2eeca1f7ac144f355cf1188b6,9800,本社　営業①正社員　火水休み,30,510
2023-12-19,5791b6f30002dd48e1eed4277aa05397b3a1d96555608cc4e5d93675af730709,9800,本社　営業①正社員　火水休み,60,540
2023-12-19,2797ef24a2527073411ebd7458b2e1844b93f7b716e76173db4814ea461ca70e,9800,本社　営業①正社員　火水休み,60,540
2023-12-21,528dfd4f6e02ff7bba23a61466d66a41b69690b2eeca1f7ac144f355cf1188b6,9800,本社　営業①正社員　火水休み,0,0
2023-12-21,5791b6f30002dd48e1eed4277aa05397b3a1d96555608cc4e5d93675af730709,9800,本社　営業①正社員　火水休み,0,0
2023-12-21,2797ef24a2527073411ebd7458b2e1844b93f7b716e76173db4814ea461ca70e,1000,×使用不可×　本社　,30,510
2023-12-21,369f2d771162fd0132358037df120bd68334c7bb929ae80dac92472ba0dad679,1000,×使用不可×　本社　,30,510
2023-12-22,528dfd4f6e02ff7bba23a61466d66a41b69690b2eeca1f7ac144f355cf1188b6,9800,本社　営業①正社員　火水休み,30,510
2023-12-22,5791b6f30002dd48e1eed4277aa05397b3a1d96555608cc4e5d93675af730709,9800,本社　営業①正社員　火水休み,180,660
2023-12-22,2797ef24a2527073411ebd7458b2e1844b93f7b716e76173db4814ea461ca70e,1000,×使用不可×　本社　,60,540
2023-12-22,369f2d771162fd0132358037df120bd68334c7bb929ae80dac92472ba0dad679,1000,×使用不可×　本社　,30,510
2023-12-23,528dfd4f6e02ff7bba23a61466d66a41b69690b2eeca1f7ac144f355cf1188b6,9800,本社　営業①正社員　火水休み,30,510
2023-12-23,5791b6f30002dd48e1eed4277aa05397b3a1d96555608cc4e5d93675af730709,9800,本社　営業①正社員　火水休み,30,510
2023-12-23,2797ef24a2527073411ebd7458b2e1844b93f7b716e76173db4814ea461ca70e,1000,×使用不可×　本社　,30,510
2023-12-23,369f2d771162fd0132358037df120bd68334c7bb929ae80dac92472ba0dad679,1000,×使用不可×　本社　,30,510
2023-12-24,528dfd4f6e02ff7bba23a61466d66a41b69690b2eeca1f7ac144f355cf1188b6,9800,本社　営業①正社員　火水休み,60,540
2023-12-24,5791b6f30002dd48e1eed4277aa05397b3a1d96555608cc4e5d93675af730709,9800,本社　営業①正社員　火水休み,30,510
2023-12-24,2797ef24a2527073411ebd7458b2e1844b93f7b716e76173db4814ea461ca70e,1000,×使用不可×　本社　,0,480
2023-12-24,369f2d771162fd0132358037df120bd68334c7bb929ae80dac92472ba0dad679,1000,×使用不可×　本社　,30,510
2023-12-25,528dfd4f6e02ff7bba23a61466d66a41b69690b2eeca1f7ac144f355cf1188b6,9800,本社　営業①正社員　火水休み,30,510
2023-12-25,5791b6f30002dd48e1eed4277aa05397b3a1d96555608cc4e5d93675af730709,9800,本社　営業①正社員　火水休み,150,630
2023-12-25,2797ef24a2527073411ebd7458b2e1844b93f7b716e76173db4814ea461ca70e,9800,本社　営業①正社員　火水休み,0,480
2023-12-25,369f2d771162fd0132358037df120bd68334c7bb929ae80dac92472ba0dad679,9800,本社　営業①正社員　火水休み,60,540
2023-12-26,528dfd4f6e02ff7bba23a61466d66a41b69690b2eeca1f7ac144f355cf1188b6,9800,本社　営業①正社員　火水休み,60,540
2023-12-26,2797ef24a2527073411ebd7458b2e1844b93f7b716e76173db4814ea461ca70e,1000,×使用不可×　本社　,0,270
2023-12-26,369f2d771162fd0132358037df120bd68334c7bb929ae80dac92472ba0dad679,9800,本社　営業①正社員　火水休み,0,480
2023-12-28,528dfd4f6e02ff7bba23a61466d66a41b69690b2eeca1f7ac144f355cf1188b6,9800,本社　営業①正社員　火水休み,0,480
2023-12-29,5791b6f30002dd48e1eed4277aa05397b3a1d96555608cc4e5d93675af730709,9800,本社　営業①正社員　火水休み,0,480
2023-12-01,93f0a9cfadc55d4ac83a831ad9885b4647eedfa4043521d45799d12a7db7e2b3,9900,本社　営業②正社員　水木休み,180,660
2023-12-01,237983b510a97d70fc59bf9be261f944126ab28d448105a69dfefbee93c46969,1000,×使用不可×　本社　,180,660
2023-12-01,4820566e0ea2f713d362d879f736d86e9a277bcf13502772bb52c26469f7b7ca,1000,×使用不可×　本社　,150,630
2023-12-02,93f0a9cfadc55d4ac83a831ad9885b4647eedfa4043521d45799d12a7db7e2b3,9900,本社　営業②正社員　水木休み,180,660
2023-12-02,237983b510a97d70fc59bf9be261f944126ab28d448105a69dfefbee93c46969,9900,本社　営業②正社員　水木休み,150,630
2023-12-02,4820566e0ea2f713d362d879f736d86e9a277bcf13502772bb52c26469f7b7ca,1000,×使用不可×　本社　,90,570
2023-12-03,93f0a9cfadc55d4ac83a831ad9885b4647eedfa4043521d45799d12a7db7e2b3,9900,本社　営業②正社員　水木休み,150,630
2023-12-03,237983b510a97d70fc59bf9be261f944126ab28d448105a69dfefbee93c46969,1000,×使用不可×　本社　,60,540
2023-12-03,4820566e0ea2f713d362d879f736d86e9a277bcf13502772bb52c26469f7b7ca,1000,×使用不可×　本社　,60,540
2023-12-04,93f0a9cfadc55d4ac83a831ad9885b4647eedfa4043521d45799d12a7db7e2b3,9900,本社　営業②正社員　水木休み,120,600
2023-12-04,237983b510a97d70fc59bf9be261f944126ab28d448105a69dfefbee93c46969,1000,×使用不可×　本社　,120,600
2023-12-04,4820566e0ea2f713d362d879f736d86e9a277bcf13502772bb52c26469f7b7ca,1000,×使用不可×　本社　,120,600
2023-12-05,93f0a9cfadc55d4ac83a831ad9885b4647eedfa4043521d45799d12a7db7e2b3,9900,本社　営業②正社員　水木休み,60,540
2023-12-05,237983b510a97d70fc59bf9be261f944126ab28d448105a69dfefbee93c46969,1000,×使用不可×　本社　,90,570
2023-12-05,4820566e0ea2f713d362d879f736d86e9a277bcf13502772bb52c26469f7b7ca,9900,本社　営業②正社員　水木休み,90,570
2023-12-08,93f0a9cfadc55d4ac83a831ad9885b4647eedfa4043521d45799d12a7db7e2b3,9900,本社　営業②正社員　水木休み,210,690
2023-12-08,237983b510a97d70fc59bf9be261f944126ab28d448105a69dfefbee93c46969,1000,×使用不可×　本社　,150,630
2023-12-08,4820566e0ea2f713d362d879f736d86e9a277bcf13502772bb52c26469f7b7ca,9900,本社　営業②正社員　水木休み,60,540
2023-12-09,93f0a9cfadc55d4ac83a831ad9885b4647eedfa4043521d45799d12a7db7e2b3,9900,本社　営業②正社員　水木休み,180,660
2023-12-09,237983b510a97d70fc59bf9be261f944126ab28d448105a69dfefbee93c46969,1000,×使用不可×　本社　,180,660
2023-12-09,4820566e0ea2f713d362d879f736d86e9a277bcf13502772bb52c26469f7b7ca,1000,×使用不可×　本社　,90,570
2023-12-10,93f0a9cfadc55d4ac83a831ad9885b4647eedfa4043521d45799d12a7db7e2b3,9900,本社　営業②正社員　水木休み,90,570
2023-12-10,237983b510a97d70fc59bf9be261f944126ab28d448105a69dfefbee93c46969,1000,×使用不可×　本社　,90,570
2023-12-10,4820566e0ea2f713d362d879f736d86e9a277bcf13502772bb52c26469f7b7ca,1000,×使用不可×　本社　,90,570
2023-12-11,93f0a9cfadc55d4ac83a831ad9885b4647eedfa4043521d45799d12a7db7e2b3,9900,本社　営業②正社員　水木休み,90,570
2023-12-11,237983b510a97d70fc59bf9be261f944126ab28d448105a69dfefbee93c46969,9900,本社　営業②正社員　水木休み,0,480
2023-12-11,4820566e0ea2f713d362d879f736d86e9a277bcf13502772bb52c26469f7b7ca,1000,×使用不可×　本社　,90,570
2023-12-12,93f0a9cfadc55d4ac83a831ad9885b4647eedfa4043521d45799d12a7db7e2b3,9900,本社　営業②正社員　水木休み,120,600
2023-12-12,237983b510a97d70fc59bf9be261f944126ab28d448105a69dfefbee93c46969,1000,×使用不可×　本社　,90,570
2023-12-12,4820566e0ea2f713d362d879f736d86e9a277bcf13502772bb52c26469f7b7ca,1000,×使用不可×　本社　,60,540
2023-12-14,93f0a9cfadc55d4ac83a831ad9885b4647eedfa4043521d45799d12a7db7e2b3,9900,本社　営業②正社員　水木休み,240,720
2023-12-14,237983b510a97d70fc59bf9be261f944126ab28d448105a69dfefbee93c46969,9900,本社　営業②正社員　水木休み,240,720
2023-12-14,4820566e0ea2f713d362d879f736d86e9a277bcf13502772bb52c26469f7b7ca,9900,本社　営業②正社員　水木休み,240,720
2023-12-15,93f0a9cfadc55d4ac83a831ad9885b4647eedfa4043521d45799d12a7db7e2b3,9900,本社　営業②正社員　水木休み,30,510
2023-12-15,237983b510a97d70fc59bf9be261f944126ab28d448105a69dfefbee93c46969,1000,×使用不可×　本社　,30,510
2023-12-15,4820566e0ea2f713d362d879f736d86e9a277bcf13502772bb52c26469f7b7ca,1000,×使用不可×　本社　,60,540
2023-12-16,93f0a9cfadc55d4ac83a831ad9885b4647eedfa4043521d45799d12a7db7e2b3,9900,本社　営業②正社員　水木休み,30,510
2023-12-16,237983b510a97d70fc59bf9be261f944126ab28d448105a69dfefbee93c46969,1000,×使用不可×　本社　,30,510
2023-12-16,4820566e0ea2f713d362d879f736d86e9a277bcf13502772bb52c26469f7b7ca,9900,本社　営業②正社員　水木休み,30,510
2023-12-17,93f0a9cfadc55d4ac83a831ad9885b4647eedfa4043521d45799d12a7db7e2b3,9900,本社　営業②正社員　水木休み,60,540
2023-12-17,237983b510a97d70fc59bf9be261f944126ab28d448105a69dfefbee93c46969,9900,本社　営業②正社員　水木休み,90,570
2023-12-17,4820566e0ea2f713d362d879f736d86e9a277bcf13502772bb52c26469f7b7ca,1000,×使用不可×　本社　,90,570
2023-12-18,93f0a9cfadc55d4ac83a831ad9885b4647eedfa4043521d45799d12a7db7e2b3,9900,本社　営業②正社員　水木休み,180,660
2023-12-18,237983b510a97d70fc59bf9be261f944126ab28d448105a69dfefbee93c46969,1000,×使用不可×　本社　,210,690
2023-12-18,4820566e0ea2f713d362d879f736d86e9a277bcf13502772bb52c26469f7b7ca,1000,×使用不可×　本社　,30,510
2023-12-19,93f0a9cfadc55d4ac83a831ad9885b4647eedfa4043521d45799d12a7db7e2b3,9900,本社　営業②正社員　水木休み,150,630
2023-12-19,237983b510a97d70fc59bf9be261f944126ab28d448105a69dfefbee93c46969,9900,本社　営業②正社員　水木休み,120,600
2023-12-19,4820566e0ea2f713d362d879f736d86e9a277bcf13502772bb52c26469f7b7ca,9900,本社　営業②正社員　水木休み,90,570
2023-12-20,4820566e0ea2f713d362d879f736d86e9a277bcf13502772bb52c26469f7b7ca,1000,×使用不可×　本社　,0,480
2023-12-22,93f0a9cfadc55d4ac83a831ad9885b4647eedfa4043521d45799d12a7db7e2b3,9900,本社　営業②正社員　水木休み,150,630
2023-12-22,237983b510a97d70fc59bf9be261f944126ab28d448105a69dfefbee93c46969,1000,×使用不可×　本社　,150,630
2023-12-22,4820566e0ea2f713d362d879f736d86e9a277bcf13502772bb52c26469f7b7ca,1000,×使用不可×　本社　,30,510
2023-12-23,93f0a9cfadc55d4ac83a831ad9885b4647eedfa4043521d45799d12a7db7e2b3,9900,本社　営業②正社員　水木休み,30,510
2023-12-23,237983b510a97d70fc59bf9be261f944126ab28d448105a69dfefbee93c46969,9900,本社　営業②正社員　水木休み,60,540
2023-12-23,4820566e0ea2f713d362d879f736d86e9a277bcf13502772bb52c26469f7b7ca,9900,本社　営業②正社員　水木休み,30,510
2023-12-24,93f0a9cfadc55d4ac83a831ad9885b4647eedfa4043521d45799d12a7db7e2b3,9900,本社　営業②正社員　水木休み,30,510
2023-12-24,237983b510a97d70fc59bf9be261f944126ab28d448105a69dfefbee93c46969,9900,本社　営業②正社員　水木休み,30,510
2023-12-24,4820566e0ea2f713d362d879f736d86e9a277bcf13502772bb52c26469f7b7ca,9900,本社　営業②正社員　水木休み,30,510
2023-12-25,93f0a9cfadc55d4ac83a831ad9885b4647eedfa4043521d45799d12a7db7e2b3,9900,本社　営業②正社員　水木休み,90,570
2023-12-25,237983b510a97d70fc59bf9be261f944126ab28d448105a69dfefbee93c46969,1000,×使用不可×　本社　,60,540
2023-12-25,4820566e0ea2f713d362d879f736d86e9a277bcf13502772bb52c26469f7b7ca,9900,本社　営業②正社員　水木休み,0,0
2023-12-26,93f0a9cfadc55d4ac83a831ad9885b4647eedfa4043521d45799d12a7db7e2b3,9900,本社　営業②正社員　水木休み,180,660
2023-12-26,237983b510a97d70fc59bf9be261f944126ab28d448105a69dfefbee93c46969,9900,本社　営業②正社員　水木休み,180,660
2023-12-26,4820566e0ea2f713d362d879f736d86e9a277bcf13502772bb52c26469f7b7ca,1000,×使用不可×　本社　,60,540
2023-12-27,93f0a9cfadc55d4ac83a831ad9885b4647eedfa4043521d45799d12a7db7e2b3,9900,本社　営業②正社員　水木休み,30,510
2023-12-27,4820566e0ea2f713d362d879f736d86e9a277bcf13502772bb52c26469f7b7ca,1000,×使用不可×　本社　,60,540
2023-12-01,a894c49bf686b32a58e6cdedd88069c1a07abc7168f5836587176880806a782e,9800,本社　営業①正社員　火水休み,90,570
2023-12-02,a894c49bf686b32a58e6cdedd88069c1a07abc7168f5836587176880806a782e,9800,本社　営業①正社員　火水休み,60,540
2023-12-03,a894c49bf686b32a58e6cdedd88069c1a07abc7168f5836587176880806a782e,9800,本社　営業①正社員　火水休み,30,510
2023-12-04,a894c49bf686b32a58e6cdedd88069c1a07abc7168f5836587176880806a782e,9800,本社　営業①正社員　火水休み,270,840
2023-12-07,a894c49bf686b32a58e6cdedd88069c1a07abc7168f5836587176880806a782e,9996,本社　営業　営業部課長,60,540
2023-12-08,a894c49bf686b32a58e6cdedd88069c1a07abc7168f5836587176880806a782e,9996,本社　営業　営業部課長,150,630
2023-12-09,a894c49bf686b32a58e6cdedd88069c1a07abc7168f5836587176880806a782e,9996,本社　営業　営業部課長,180,660
2023-12-10,a894c49bf686b32a58e6cdedd88069c1a07abc7168f5836587176880806a782e,9996,本社　営業　営業部課長,180,660
2023-12-11,a894c49bf686b32a58e6cdedd88069c1a07abc7168f5836587176880806a782e,9996,本社　営業　営業部課長,90,570
2023-12-14,a894c49bf686b32a58e6cdedd88069c1a07abc7168f5836587176880806a782e,9996,本社　営業　営業部課長,60,540
2023-12-15,a894c49bf686b32a58e6cdedd88069c1a07abc7168f5836587176880806a782e,9996,本社　営業　営業部課長,90,570
2023-12-16,a894c49bf686b32a58e6cdedd88069c1a07abc7168f5836587176880806a782e,9996,本社　営業　営業部課長,60,540
2023-12-17,a894c49bf686b32a58e6cdedd88069c1a07abc7168f5836587176880806a782e,9996,本社　営業　営業部課長,150,630
2023-12-18,a894c49bf686b32a58e6cdedd88069c1a07abc7168f5836587176880806a782e,9996,本社　営業　営業部課長,180,660
2023-12-19,a894c49bf686b32a58e6cdedd88069c1a07abc7168f5836587176880806a782e,9996,本社　営業　営業部課長,90,570
2023-12-21,a894c49bf686b32a58e6cdedd88069c1a07abc7168f5836587176880806a782e,9996,本社　営業　営業部課長,120,600
2023-12-22,a894c49bf686b32a58e6cdedd88069c1a07abc7168f5836587176880806a782e,9996,本社　営業　営業部課長,270,750
2023-12-23,a894c49bf686b32a58e6cdedd88069c1a07abc7168f5836587176880806a782e,9996,本社　営業　営業部課長,30,510
2023-12-24,a894c49bf686b32a58e6cdedd88069c1a07abc7168f5836587176880806a782e,9996,本社　営業　営業部課長,60,540
2023-12-25,a894c49bf686b32a58e6cdedd88069c1a07abc7168f5836587176880806a782e,9996,本社　営業　営業部課長,60,540
2023-12-26,a894c49bf686b32a58e6cdedd88069c1a07abc7168f5836587176880806a782e,9996,本社　営業　営業部課長,90,570
2023-12-27,a894c49bf686b32a58e6cdedd88069c1a07abc7168f5836587176880806a782e,9996,本社　営業　営業部課長,60,540
2023-12-30,a894c49bf686b32a58e6cdedd88069c1a07abc7168f5836587176880806a782e,9996,本社　営業　営業部課長,90,570
2023-12-01,48b391e69bcea800b9a9c1a8d747022ca2c151e687548c3551a72b2558cbca60,1000,×使用不可×　本社　,90,570
2023-12-02,48b391e69bcea800b9a9c1a8d747022ca2c151e687548c3551a72b2558cbca60,9400,×使用不可×　本社　工務②　正社員,0,270
2023-12-04,48b391e69bcea800b9a9c1a8d747022ca2c151e687548c3551a72b2558cbca60,9400,×使用不可×　本社　工務②　正社員,150,630
2023-12-05,48b391e69bcea800b9a9c1a8d747022ca2c151e687548c3551a72b2558cbca60,1000,×使用不可×　本社　,180,660
2023-12-06,48b391e69bcea800b9a9c1a8d747022ca2c151e687548c3551a72b2558cbca60,1000,×使用不可×　本社　,180,660
2023-12-07,48b391e69bcea800b9a9c1a8d747022ca2c151e687548c3551a72b2558cbca60,9400,×使用不可×　本社　工務②　正社員,0,480
2023-12-08,48b391e69bcea800b9a9c1a8d747022ca2c151e687548c3551a72b2558cbca60,1000,×使用不可×　本社　,240,720
2023-12-11,48b391e69bcea800b9a9c1a8d747022ca2c151e687548c3551a72b2558cbca60,1000,×使用不可×　本社　,180,660
2023-12-12,48b391e69bcea800b9a9c1a8d747022ca2c151e687548c3551a72b2558cbca60,1000,×使用不可×　本社　,150,630
2023-12-13,48b391e69bcea800b9a9c1a8d747022ca2c151e687548c3551a72b2558cbca60,1000,×使用不可×　本社　,60,540
2023-12-14,48b391e69bcea800b9a9c1a8d747022ca2c151e687548c3551a72b2558cbca60,9997,本社　工務　分譲建築部課長,270,810
2023-12-15,48b391e69bcea800b9a9c1a8d747022ca2c151e687548c3551a72b2558cbca60,1000,×使用不可×　本社　,0,480
2023-12-16,48b391e69bcea800b9a9c1a8d747022ca2c151e687548c3551a72b2558cbca60,1000,×使用不可×　本社　,30,510
2023-12-18,48b391e69bcea800b9a9c1a8d747022ca2c151e687548c3551a72b2558cbca60,1000,×使用不可×　本社　,90,570
2023-12-19,48b391e69bcea800b9a9c1a8d747022ca2c151e687548c3551a72b2558cbca60,1000,×使用不可×　本社　,180,660
2023-12-20,48b391e69bcea800b9a9c1a8d747022ca2c151e687548c3551a72b2558cbca60,1000,×使用不可×　本社　,30,510
2023-12-21,48b391e69bcea800b9a9c1a8d747022ca2c151e687548c3551a72b2558cbca60,1000,×使用不可×　本社　,120,600
2023-12-22,48b391e69bcea800b9a9c1a8d747022ca2c151e687548c3551a72b2558cbca60,1000,×使用不可×　本社　,0,480
2023-12-25,48b391e69bcea800b9a9c1a8d747022ca2c151e687548c3551a72b2558cbca60,9997,本社　工務　分譲建築部課長,30,510
2023-12-26,48b391e69bcea800b9a9c1a8d747022ca2c151e687548c3551a72b2558cbca60,1000,×使用不可×　本社　,120,600
2023-12-27,48b391e69bcea800b9a9c1a8d747022ca2c151e687548c3551a72b2558cbca60,1000,×使用不可×　本社　,30,510
2023-12-01,690e73c0d960b6b3faf4e8b2a687172821cb6f906ce6233767836e1ce1b32d75,9100,×使用不可×　本社　工務①正社員,180,660
2023-12-04,690e73c0d960b6b3faf4e8b2a687172821cb6f906ce6233767836e1ce1b32d75,9100,×使用不可×　本社　工務①正社員,180,660
2023-12-05,690e73c0d960b6b3faf4e8b2a687172821cb6f906ce6233767836e1ce1b32d75,9100,×使用不可×　本社　工務①正社員,180,660
2023-12-06,690e73c0d960b6b3faf4e8b2a687172821cb6f906ce6233767836e1ce1b32d75,9998,本社　工務　用地部課長,120,600
2023-12-07,690e73c0d960b6b3faf4e8b2a687172821cb6f906ce6233767836e1ce1b32d75,9998,本社　工務　用地部課長,90,570
2023-12-08,690e73c0d960b6b3faf4e8b2a687172821cb6f906ce6233767836e1ce1b32d75,9998,本社　工務　用地部課長,180,660
2023-12-11,690e73c0d960b6b3faf4e8b2a687172821cb6f906ce6233767836e1ce1b32d75,9998,本社　工務　用地部課長,180,660
2023-12-12,690e73c0d960b6b3faf4e8b2a687172821cb6f906ce6233767836e1ce1b32d75,9998,本社　工務　用地部課長,150,630
2023-12-13,690e73c0d960b6b3faf4e8b2a687172821cb6f906ce6233767836e1ce1b32d75,9998,本社　工務　用地部課長,120,600
2023-12-14,690e73c0d960b6b3faf4e8b2a687172821cb6f906ce6233767836e1ce1b32d75,9998,本社　工務　用地部課長,270,810
2023-12-15,690e73c0d960b6b3faf4e8b2a687172821cb6f906ce6233767836e1ce1b32d75,9998,本社　工務　用地部課長,120,600
2023-12-18,690e73c0d960b6b3faf4e8b2a687172821cb6f906ce6233767836e1ce1b32d75,9998,本社　工務　用地部課長,180,660
2023-12-19,690e73c0d960b6b3faf4e8b2a687172821cb6f906ce6233767836e1ce1b32d75,9998,本社　工務　用地部課長,150,630
2023-12-20,690e73c0d960b6b3faf4e8b2a687172821cb6f906ce6233767836e1ce1b32d75,9998,本社　工務　用地部課長,120,600
2023-12-21,690e73c0d960b6b3faf4e8b2a687172821cb6f906ce6233767836e1ce1b32d75,9998,本社　工務　用地部課長,120,600
2023-12-22,690e73c0d960b6b3faf4e8b2a687172821cb6f906ce6233767836e1ce1b32d75,9998,本社　工務　用地部課長,180,660
2023-12-25,690e73c0d960b6b3faf4e8b2a687172821cb6f906ce6233767836e1ce1b32d75,9998,本社　工務　用地部課長,60,540
2023-12-26,690e73c0d960b6b3faf4e8b2a687172821cb6f906ce6233767836e1ce1b32d75,9998,本社　工務　用地部課長,150,630
2023-12-27,690e73c0d960b6b3faf4e8b2a687172821cb6f906ce6233767836e1ce1b32d75,9998,本社　工務　用地部課長,60,540
2023-12-01,a332e5a1d5aec0830ea76733a98c90f3bb44f7c51fdfa9350c165e99554c5893,9100,×使用不可×　本社　工務①正社員,150,630
2023-12-01,051e83ef1ea3e61201c9efb639d542c189cb1bd80d6182ba2afa9e8024aa2fb2,9999,本社　マネジメントチーム,150,630
2023-12-01,93cedb88cf6cc525a20ad6fec4ae68fbec2bfcdf0f027a9affa66ea068a03a99,9800,本社　営業①正社員　火水休み,150,630
2023-12-01,ecb8fa8ca2a6aeefd8d672a87214bdb19be7e2b49ce4775477564515c2d94319,9900,本社　営業②正社員　水木休み,270,900
2023-12-02,a332e5a1d5aec0830ea76733a98c90f3bb44f7c51fdfa9350c165e99554c5893,9999,本社　マネジメントチーム,0,300
2023-12-02,93cedb88cf6cc525a20ad6fec4ae68fbec2bfcdf0f027a9affa66ea068a03a99,9999,本社　マネジメントチーム,270,780
2023-12-02,ecb8fa8ca2a6aeefd8d672a87214bdb19be7e2b49ce4775477564515c2d94319,9999,本社　マネジメントチーム,90,570
2023-12-03,93cedb88cf6cc525a20ad6fec4ae68fbec2bfcdf0f027a9affa66ea068a03a99,9999,本社　マネジメントチーム,270,810
2023-12-03,ecb8fa8ca2a6aeefd8d672a87214bdb19be7e2b49ce4775477564515c2d94319,9999,本社　マネジメントチーム,120,600
2023-12-04,a332e5a1d5aec0830ea76733a98c90f3bb44f7c51fdfa9350c165e99554c5893,9999,本社　マネジメントチーム,270,750
2023-12-04,051e83ef1ea3e61201c9efb639d542c189cb1bd80d6182ba2afa9e8024aa2fb2,9999,本社　マネジメントチーム,90,570
2023-12-04,93cedb88cf6cc525a20ad6fec4ae68fbec2bfcdf0f027a9affa66ea068a03a99,9999,本社　マネジメントチーム,210,690
2023-12-04,ecb8fa8ca2a6aeefd8d672a87214bdb19be7e2b49ce4775477564515c2d94319,9999,本社　マネジメントチーム,270,870
2023-12-05,a332e5a1d5aec0830ea76733a98c90f3bb44f7c51fdfa9350c165e99554c5893,1000,×使用不可×　本社　,150,630
2023-12-05,051e83ef1ea3e61201c9efb639d542c189cb1bd80d6182ba2afa9e8024aa2fb2,9999,本社　マネジメントチーム,270,810
2023-12-05,93cedb88cf6cc525a20ad6fec4ae68fbec2bfcdf0f027a9affa66ea068a03a99,9999,本社　マネジメントチーム,300,810
2023-12-05,ecb8fa8ca2a6aeefd8d672a87214bdb19be7e2b49ce4775477564515c2d94319,9999,本社　マネジメントチーム,0,150
2023-12-06,a332e5a1d5aec0830ea76733a98c90f3bb44f7c51fdfa9350c165e99554c5893,1000,×使用不可×　本社　,120,600
2023-12-06,051e83ef1ea3e61201c9efb639d542c189cb1bd80d6182ba2afa9e8024aa2fb2,9999,本社　マネジメントチーム,240,720
2023-12-07,a332e5a1d5aec0830ea76733a98c90f3bb44f7c51fdfa9350c165e99554c5893,9999,本社　マネジメントチーム,0,480
2023-12-07,051e83ef1ea3e61201c9efb639d542c189cb1bd80d6182ba2afa9e8024aa2fb2,9999,本社　マネジメントチーム,270,750
2023-12-07,93cedb88cf6cc525a20ad6fec4ae68fbec2bfcdf0f027a9affa66ea068a03a99,9999,本社　マネジメントチーム,270,810
2023-12-07,ecb8fa8ca2a6aeefd8d672a87214bdb19be7e2b49ce4775477564515c2d94319,9999,本社　マネジメントチーム,60,540
2023-12-08,a332e5a1d5aec0830ea76733a98c90f3bb44f7c51fdfa9350c165e99554c5893,9999,本社　マネジメントチーム,240,720
2023-12-08,051e83ef1ea3e61201c9efb639d542c189cb1bd80d6182ba2afa9e8024aa2fb2,9999,本社　マネジメントチーム,270,810
2023-12-08,93cedb88cf6cc525a20ad6fec4ae68fbec2bfcdf0f027a9affa66ea068a03a99,9999,本社　マネジメントチーム,270,810
2023-12-08,ecb8fa8ca2a6aeefd8d672a87214bdb19be7e2b49ce4775477564515c2d94319,9999,本社　マネジメントチーム,90,570
2023-12-09,051e83ef1ea3e61201c9efb639d542c189cb1bd80d6182ba2afa9e8024aa2fb2,9999,本社　マネジメントチーム,0,300
2023-12-09,93cedb88cf6cc525a20ad6fec4ae68fbec2bfcdf0f027a9affa66ea068a03a99,9999,本社　マネジメントチーム,270,750
2023-12-09,ecb8fa8ca2a6aeefd8d672a87214bdb19be7e2b49ce4775477564515c2d94319,9999,本社　マネジメントチーム,60,540
2023-12-10,93cedb88cf6cc525a20ad6fec4ae68fbec2bfcdf0f027a9affa66ea068a03a99,9999,本社　マネジメントチーム,210,690
2023-12-10,ecb8fa8ca2a6aeefd8d672a87214bdb19be7e2b49ce4775477564515c2d94319,9999,本社　マネジメントチーム,120,600
2023-12-11,a332e5a1d5aec0830ea76733a98c90f3bb44f7c51fdfa9350c165e99554c5893,1000,×使用不可×　本社　,210,690
2023-12-11,051e83ef1ea3e61201c9efb639d542c189cb1bd80d6182ba2afa9e8024aa2fb2,9999,本社　マネジメントチーム,0,480
2023-12-11,93cedb88cf6cc525a20ad6fec4ae68fbec2bfcdf0f027a9affa66ea068a03a99,9999,本社　マネジメントチーム,270,780
2023-12-11,ecb8fa8ca2a6aeefd8d672a87214bdb19be7e2b49ce4775477564515c2d94319,9999,本社　マネジメントチーム,150,630
2023-12-12,a332e5a1d5aec0830ea76733a98c90f3bb44f7c51fdfa9350c165e99554c5893,9999,本社　マネジメントチーム,150,630
2023-12-12,051e83ef1ea3e61201c9efb639d542c189cb1bd80d6182ba2afa9e8024aa2fb2,9999,本社　マネジメントチーム,270,750
2023-12-12,93cedb88cf6cc525a20ad6fec4ae68fbec2bfcdf0f027a9affa66ea068a03a99,9999,本社　マネジメントチーム,150,630
2023-12-12,ecb8fa8ca2a6aeefd8d672a87214bdb19be7e2b49ce4775477564515c2d94319,9999,本社　マネジメントチーム,0,0
2023-12-13,a332e5a1d5aec0830ea76733a98c90f3bb44f7c51fdfa9350c165e99554c5893,1000,×使用不可×　本社　,240,720
2023-12-13,051e83ef1ea3e61201c9efb639d542c189cb1bd80d6182ba2afa9e8024aa2fb2,9999,本社　マネジメントチーム,240,720
2023-12-13,ecb8fa8ca2a6aeefd8d672a87214bdb19be7e2b49ce4775477564515c2d94319,9999,本社　マネジメントチーム,60,540
2023-12-14,a332e5a1d5aec0830ea76733a98c90f3bb44f7c51fdfa9350c165e99554c5893,9999,本社　マネジメントチーム,270,810
2023-12-14,051e83ef1ea3e61201c9efb639d542c189cb1bd80d6182ba2afa9e8024aa2fb2,9999,本社　マネジメントチーム,270,810
2023-12-14,93cedb88cf6cc525a20ad6fec4ae68fbec2bfcdf0f027a9affa66ea068a03a99,9999,本社　マネジメントチーム,270,750
2023-12-14,ecb8fa8ca2a6aeefd8d672a87214bdb19be7e2b49ce4775477564515c2d94319,9999,本社　マネジメントチーム,270,810
2023-12-15,a332e5a1d5aec0830ea76733a98c90f3bb44f7c51fdfa9350c165e99554c5893,9999,本社　マネジメントチーム,150,630
2023-12-15,051e83ef1ea3e61201c9efb639d542c189cb1bd80d6182ba2afa9e8024aa2fb2,9999,本社　マネジメントチーム,270,750
2023-12-15,93cedb88cf6cc525a20ad6fec4ae68fbec2bfcdf0f027a9affa66ea068a03a99,9999,本社　マネジメントチーム,270,750
2023-12-15,ecb8fa8ca2a6aeefd8d672a87214bdb19be7e2b49ce4775477564515c2d94319,9999,本社　マネジメントチーム,60,540
2023-12-16,a332e5a1d5aec0830ea76733a98c90f3bb44f7c51fdfa9350c165e99554c5893,9999,本社　マネジメントチーム,0,360
2023-12-16,051e83ef1ea3e61201c9efb639d542c189cb1bd80d6182ba2afa9e8024aa2fb2,9999,本社　マネジメントチーム,120,600
2023-12-16,93cedb88cf6cc525a20ad6fec4ae68fbec2bfcdf0f027a9affa66ea068a03a99,9999,本社　マネジメントチーム,270,780
2023-12-16,ecb8fa8ca2a6aeefd8d672a87214bdb19be7e2b49ce4775477564515c2d94319,9999,本社　マネジメントチーム,210,750
2023-12-17,93cedb88cf6cc525a20ad6fec4ae68fbec2bfcdf0f027a9affa66ea068a03a99,9999,本社　マネジメントチーム,270,810
2023-12-17,ecb8fa8ca2a6aeefd8d672a87214bdb19be7e2b49ce4775477564515c2d94319,9999,本社　マネジメントチーム,180,660
2023-12-18,a332e5a1d5aec0830ea76733a98c90f3bb44f7c51fdfa9350c165e99554c5893,1000,×使用不可×　本社　,270,810
2023-12-18,051e83ef1ea3e61201c9efb639d542c189cb1bd80d6182ba2afa9e8024aa2fb2,9999,本社　マネジメントチーム,270,810
2023-12-18,93cedb88cf6cc525a20ad6fec4ae68fbec2bfcdf0f027a9affa66ea068a03a99,9999,本社　マネジメントチーム,270,840
2023-12-18,ecb8fa8ca2a6aeefd8d672a87214bdb19be7e2b49ce4775477564515c2d94319,9999,本社　マネジメントチーム,270,810
2023-12-19,a332e5a1d5aec0830ea76733a98c90f3bb44f7c51fdfa9350c165e99554c5893,9999,本社　マネジメントチーム,240,720
2023-12-19,051e83ef1ea3e61201c9efb639d542c189cb1bd80d6182ba2afa9e8024aa2fb2,9999,本社　マネジメントチーム,240,720
2023-12-19,93cedb88cf6cc525a20ad6fec4ae68fbec2bfcdf0f027a9affa66ea068a03a99,9999,本社　マネジメントチーム,270,810
2023-12-19,ecb8fa8ca2a6aeefd8d672a87214bdb19be7e2b49ce4775477564515c2d94319,9999,本社　マネジメントチーム,30,510
2023-12-20,a332e5a1d5aec0830ea76733a98c90f3bb44f7c51fdfa9350c165e99554c5893,1000,×使用不可×　本社　,180,660
2023-12-20,051e83ef1ea3e61201c9efb639d542c189cb1bd80d6182ba2afa9e8024aa2fb2,9999,本社　マネジメントチーム,180,660
2023-12-20,93cedb88cf6cc525a20ad6fec4ae68fbec2bfcdf0f027a9affa66ea068a03a99,9999,本社　マネジメントチーム,150,630
2023-12-20,ecb8fa8ca2a6aeefd8d672a87214bdb19be7e2b49ce4775477564515c2d94319,9999,本社　マネジメントチーム,0,210
2023-12-21,051e83ef1ea3e61201c9efb639d542c189cb1bd80d6182ba2afa9e8024aa2fb2,9999,本社　マネジメントチーム,270,750
2023-12-21,a332e5a1d5aec0830ea76733a98c90f3bb44f7c51fdfa9350c165e99554c5893,1000,×使用不可×　本社　,150,630
2023-12-21,93cedb88cf6cc525a20ad6fec4ae68fbec2bfcdf0f027a9affa66ea068a03a99,9999,本社　マネジメントチーム,270,750
2023-12-22,051e83ef1ea3e61201c9efb639d542c189cb1bd80d6182ba2afa9e8024aa2fb2,9999,本社　マネジメントチーム,210,690
2023-12-22,a332e5a1d5aec0830ea76733a98c90f3bb44f7c51fdfa9350c165e99554c5893,1000,×使用不可×　本社　,150,630
2023-12-22,93cedb88cf6cc525a20ad6fec4ae68fbec2bfcdf0f027a9affa66ea068a03a99,9999,本社　マネジメントチーム,270,840
2023-12-22,ecb8fa8ca2a6aeefd8d672a87214bdb19be7e2b49ce4775477564515c2d94319,9999,本社　マネジメントチーム,180,660
2023-12-23,051e83ef1ea3e61201c9efb639d542c189cb1bd80d6182ba2afa9e8024aa2fb2,9999,本社　マネジメントチーム,0,330
2023-12-23,a332e5a1d5aec0830ea76733a98c90f3bb44f7c51fdfa9350c165e99554c5893,9999,本社　マネジメントチーム,0,270
2023-12-23,93cedb88cf6cc525a20ad6fec4ae68fbec2bfcdf0f027a9affa66ea068a03a99,9999,本社　マネジメントチーム,270,750
2023-12-23,ecb8fa8ca2a6aeefd8d672a87214bdb19be7e2b49ce4775477564515c2d94319,9999,本社　マネジメントチーム,0,480
2023-12-24,93cedb88cf6cc525a20ad6fec4ae68fbec2bfcdf0f027a9affa66ea068a03a99,9999,本社　マネジメントチーム,180,660
2023-12-24,ecb8fa8ca2a6aeefd8d672a87214bdb19be7e2b49ce4775477564515c2d94319,9999,本社　マネジメントチーム,0,480
2023-12-25,051e83ef1ea3e61201c9efb639d542c189cb1bd80d6182ba2afa9e8024aa2fb2,9999,本社　マネジメントチーム,270,750
2023-12-25,a332e5a1d5aec0830ea76733a98c90f3bb44f7c51fdfa9350c165e99554c5893,9999,本社　マネジメントチーム,150,630
2023-12-25,93cedb88cf6cc525a20ad6fec4ae68fbec2bfcdf0f027a9affa66ea068a03a99,9999,本社　マネジメントチーム,270,750
2023-12-25,ecb8fa8ca2a6aeefd8d672a87214bdb19be7e2b49ce4775477564515c2d94319,9999,本社　マネジメントチーム,150,630
2023-12-26,051e83ef1ea3e61201c9efb639d542c189cb1bd80d6182ba2afa9e8024aa2fb2,9999,本社　マネジメントチーム,180,660
2023-12-26,a332e5a1d5aec0830ea76733a98c90f3bb44f7c51fdfa9350c165e99554c5893,1000,×使用不可×　本社　,150,630
2023-12-26,93cedb88cf6cc525a20ad6fec4ae68fbec2bfcdf0f027a9affa66ea068a03a99,9999,本社　マネジメントチーム,150,630
2023-12-26,ecb8fa8ca2a6aeefd8d672a87214bdb19be7e2b49ce4775477564515c2d94319,9999,本社　マネジメントチーム,270,810
2023-12-27,051e83ef1ea3e61201c9efb639d542c189cb1bd80d6182ba2afa9e8024aa2fb2,9999,本社　マネジメントチーム,210,690
2023-12-27,a332e5a1d5aec0830ea76733a98c90f3bb44f7c51fdfa9350c165e99554c5893,9999,本社　マネジメントチーム,150,630
2023-12-27,93cedb88cf6cc525a20ad6fec4ae68fbec2bfcdf0f027a9affa66ea068a03a99,9999,本社　マネジメントチーム,0,300
2023-12-27,ecb8fa8ca2a6aeefd8d672a87214bdb19be7e2b49ce4775477564515c2d94319,9999,本社　マネジメントチーム,180,840
2023-12-28,051e83ef1ea3e61201c9efb639d542c189cb1bd80d6182ba2afa9e8024aa2fb2,9999,本社　マネジメントチーム,0,480
2023-12-28,93cedb88cf6cc525a20ad6fec4ae68fbec2bfcdf0f027a9affa66ea068a03a99,9999,本社　マネジメントチーム,180,660
2023-12-28,ecb8fa8ca2a6aeefd8d672a87214bdb19be7e2b49ce4775477564515c2d94319,9999,本社　マネジメントチーム,0,300
2023-12-29,93cedb88cf6cc525a20ad6fec4ae68fbec2bfcdf0f027a9affa66ea068a03a99,9999,本社　マネジメントチーム,0,420
2023-12-29,ecb8fa8ca2a6aeefd8d672a87214bdb19be7e2b49ce4775477564515c2d94319,9999,本社　マネジメントチーム,0,240
2023-12-30,93cedb88cf6cc525a20ad6fec4ae68fbec2bfcdf0f027a9affa66ea068a03a99,9999,本社　マネジメントチーム,90,570
2023-12-30,ecb8fa8ca2a6aeefd8d672a87214bdb19be7e2b49ce4775477564515c2d94319,9999,本社　マネジメントチーム,270,810